sujet_id,n_outliers_zscore,n_outliers_pct,n_metriques_total,pct_outliers_zscore,pct_outliers_pct,statut_zscore,statut_pct
BraTS-GLI-01437-000,12,12,12,100.0,100.0,SUSPECT,SUSPECT
BraTS-GLI-00655-001,12,12,12,100.0,100.0,SUSPECT,SUSPECT
BraTS-GLI-01299-000,12,12,12,100.0,100.0,SUSPECT,SUSPECT
BraTS-GLI-00204-000,12,12,12,100.0,100.0,SUSPECT,SUSPECT
BraTS-GLI-01298-000,12,12,12,100.0,100.0,SUSPECT,SUSPECT
BraTS-GLI-01466-000,12,12,12,100.0,100.0,SUSPECT,SUSPECT
BraTS-GLI-00192-000,12,12,12,100.0,100.0,SUSPECT,SUSPECT
BraTS-GLI-01467-000,12,12,12,100.0,100.0,SUSPECT,SUSPECT
BraTS-GLI-00697-000,12,12,12,100.0,100.0,SUSPECT,SUSPECT
BraTS-GLI-00170-000,12,12,12,100.0,100.0,SUSPECT,SUSPECT
BraTS-GLI-00523-000,12,12,12,100.0,100.0,SUSPECT,SUSPECT
BraTS-GLI-01119-000,12,12,12,100.0,100.0,SUSPECT,SUSPECT
BraTS-GLI-01291-000,12,12,12,100.0,100.0,SUSPECT,SUSPECT
BraTS-GLI-01477-000,12,12,12,100.0,100.0,SUSPECT,SUSPECT
BraTS-GLI-01289-000,12,12,12,100.0,100.0,SUSPECT,SUSPECT
BraTS-GLI-01141-000,12,12,12,100.0,100.0,SUSPECT,SUSPECT
BraTS-GLI-01284-000,12,12,12,100.0,100.0,SUSPECT,SUSPECT
BraTS-GLI-01149-000,12,12,12,100.0,100.0,SUSPECT,SUSPECT
BraTS-GLI-01152-000,12,12,12,100.0,100.0,SUSPECT,SUSPECT
BraTS-GLI-00683-000,12,12,12,100.0,100.0,SUSPECT,SUSPECT
BraTS-GLI-01281-000,12,12,12,100.0,100.0,SUSPECT,SUSPECT
BraTS-GLI-01382-000,12,12,12,100.0,100.0,SUSPECT,SUSPECT
BraTS-GLI-00680-000,12,12,12,100.0,100.0,SUSPECT,SUSPECT
BraTS-GLI-01490-000,12,12,12,100.0,100.0,SUSPECT,SUSPECT
BraTS-GLI-00090-001,12,12,12,100.0,100.0,SUSPECT,SUSPECT
BraTS-GLI-00556-001,12,12,12,100.0,100.0,SUSPECT,SUSPECT
BraTS-GLI-00087-001,12,12,12,100.0,100.0,SUSPECT,SUSPECT
BraTS-GLI-01494-000,12,12,12,100.0,100.0,SUSPECT,SUSPECT
BraTS-GLI-00558-000,12,12,12,100.0,100.0,SUSPECT,SUSPECT
BraTS-GLI-01496-000,12,12,12,100.0,100.0,SUSPECT,SUSPECT
BraTS-GLI-01501-000,12,12,12,100.0,100.0,SUSPECT,SUSPECT
BraTS-GLI-00500-000,12,12,12,100.0,100.0,SUSPECT,SUSPECT
BraTS-GLI-01078-000,12,12,12,100.0,100.0,SUSPECT,SUSPECT
BraTS-GLI-01302-000,12,12,12,100.0,100.0,SUSPECT,SUSPECT
BraTS-GLI-01440-000,12,12,12,100.0,100.0,SUSPECT,SUSPECT
BraTS-GLI-00780-000,12,12,12,100.0,100.0,SUSPECT,SUSPECT
BraTS-GLI-00388-000,12,12,12,100.0,100.0,SUSPECT,SUSPECT
BraTS-GLI-00802-000,12,12,12,100.0,100.0,SUSPECT,SUSPECT
BraTS-GLI-00805-000,12,12,12,100.0,100.0,SUSPECT,SUSPECT
BraTS-GLI-00350-000,12,12,12,100.0,100.0,SUSPECT,SUSPECT
BraTS-GLI-00348-000,12,12,12,100.0,100.0,SUSPECT,SUSPECT
BraTS-GLI-00811-000,12,12,12,100.0,100.0,SUSPECT,SUSPECT
BraTS-GLI-00814-000,12,12,12,100.0,100.0,SUSPECT,SUSPECT
BraTS-GLI-00816-000,12,12,12,100.0,100.0,SUSPECT,SUSPECT
BraTS-GLI-00759-000,12,12,12,100.0,100.0,SUSPECT,SUSPECT
BraTS-GLI-01435-000,12,12,12,100.0,100.0,SUSPECT,SUSPECT
BraTS-GLI-01417-000,12,12,12,100.0,100.0,SUSPECT,SUSPECT
BraTS-GLI-00750-000,12,12,12,100.0,100.0,SUSPECT,SUSPECT
BraTS-GLI-01442-000,12,12,12,100.0,100.0,SUSPECT,SUSPECT
BraTS-GLI-01461-000,12,12,12,100.0,100.0,SUSPECT,SUSPECT
BraTS-GLI-00737-000,12,12,12,100.0,100.0,SUSPECT,SUSPECT
BraTS-GLI-00445-000,12,12,12,100.0,100.0,SUSPECT,SUSPECT
BraTS-GLI-00735-001,12,12,12,100.0,100.0,SUSPECT,SUSPECT
BraTS-GLI-00285-000,12,12,12,100.0,100.0,SUSPECT,SUSPECT
BraTS-GLI-01445-000,12,12,12,100.0,100.0,SUSPECT,SUSPECT
BraTS-GLI-00464-000,12,12,12,100.0,100.0,SUSPECT,SUSPECT
BraTS-GLI-01313-000,12,12,12,100.0,100.0,SUSPECT,SUSPECT
BraTS-GLI-00478-001,12,12,12,100.0,100.0,SUSPECT,SUSPECT
BraTS-GLI-01454-000,12,12,12,100.0,100.0,SUSPECT,SUSPECT
BraTS-GLI-00491-001,12,12,12,100.0,100.0,SUSPECT,SUSPECT
BraTS-GLI-01456-000,12,12,12,100.0,100.0,SUSPECT,SUSPECT
BraTS-GLI-01460-000,12,12,12,100.0,100.0,SUSPECT,SUSPECT
BraTS-GLI-01076-000,12,12,12,100.0,100.0,SUSPECT,SUSPECT
BraTS-GLI-01175-000,12,12,12,100.0,100.0,SUSPECT,SUSPECT
BraTS-GLI-00789-000,12,12,12,100.0,100.0,SUSPECT,SUSPECT
BraTS-GLI-01518-000,12,12,12,100.0,100.0,SUSPECT,SUSPECT
BraTS-GLI-01178-000,12,12,12,100.0,100.0,SUSPECT,SUSPECT
BraTS-GLI-01274-000,12,12,12,100.0,100.0,SUSPECT,SUSPECT
BraTS-GLI-00613-001,12,12,12,100.0,100.0,SUSPECT,SUSPECT
BraTS-GLI-01264-000,12,12,12,100.0,100.0,SUSPECT,SUSPECT
BraTS-GLI-00651-000,12,12,12,100.0,100.0,SUSPECT,SUSPECT
BraTS-GLI-00016-000,12,12,12,100.0,100.0,SUSPECT,SUSPECT
BraTS-GLI-00612-001,12,12,12,100.0,100.0,SUSPECT,SUSPECT
BraTS-GLI-01184-000,12,12,12,100.0,100.0,SUSPECT,SUSPECT
BraTS-GLI-01183-000,12,12,12,100.0,100.0,SUSPECT,SUSPECT
BraTS-GLI-01661-000,12,12,12,100.0,100.0,SUSPECT,SUSPECT
BraTS-GLI-00654-000,12,12,12,100.0,100.0,SUSPECT,SUSPECT
BraTS-GLI-01660-000,12,12,12,100.0,100.0,SUSPECT,SUSPECT
BraTS-GLI-00579-000,12,12,12,100.0,100.0,SUSPECT,SUSPECT
BraTS-GLI-01536-000,12,12,12,100.0,100.0,SUSPECT,SUSPECT
BraTS-GLI-01196-000,12,12,12,100.0,100.0,SUSPECT,SUSPECT
BraTS-GLI-01176-000,12,12,12,100.0,100.0,SUSPECT,SUSPECT
BraTS-GLI-00151-000,11,12,12,91.7,100.0,SUSPECT,SUSPECT
BraTS-GLI-01002-000,11,12,12,91.7,100.0,SUSPECT,SUSPECT
BraTS-GLI-01521-000,11,11,12,91.7,91.7,SUSPECT,SUSPECT
BraTS-GLI-01470-000,11,12,12,91.7,100.0,SUSPECT,SUSPECT
BraTS-GLI-01103-000,11,11,12,91.7,91.7,SUSPECT,SUSPECT
BraTS-GLI-00148-000,11,11,12,91.7,91.7,SUSPECT,SUSPECT
BraTS-GLI-00694-001,11,11,12,91.7,91.7,SUSPECT,SUSPECT
BraTS-GLI-00838-000,11,11,12,91.7,91.7,SUSPECT,SUSPECT
BraTS-GLI-00325-000,11,11,12,91.7,91.7,SUSPECT,SUSPECT
BraTS-GLI-00526-000,11,11,12,91.7,91.7,SUSPECT,SUSPECT
BraTS-GLI-01474-000,11,11,12,91.7,91.7,SUSPECT,SUSPECT
BraTS-GLI-00327-000,11,12,12,91.7,100.0,SUSPECT,SUSPECT
BraTS-GLI-00836-000,11,11,12,91.7,91.7,SUSPECT,SUSPECT
BraTS-GLI-00756-001,11,11,12,91.7,91.7,SUSPECT,SUSPECT
BraTS-GLI-01011-000,11,11,12,91.7,91.7,SUSPECT,SUSPECT
BraTS-GLI-01327-000,11,11,12,91.7,91.7,SUSPECT,SUSPECT
BraTS-GLI-01118-000,11,12,12,91.7,100.0,SUSPECT,SUSPECT
BraTS-GLI-01476-000,11,11,12,91.7,91.7,SUSPECT,SUSPECT
BraTS-GLI-00150-000,11,11,12,91.7,91.7,SUSPECT,SUSPECT
BraTS-GLI-01447-000,11,11,12,91.7,91.7,SUSPECT,SUSPECT
BraTS-GLI-00331-000,11,11,12,91.7,91.7,SUSPECT,SUSPECT
BraTS-GLI-01112-000,11,12,12,91.7,100.0,SUSPECT,SUSPECT
BraTS-GLI-00638-000,11,11,12,91.7,91.7,SUSPECT,SUSPECT
BraTS-GLI-01458-000,11,12,12,91.7,100.0,SUSPECT,SUSPECT
BraTS-GLI-00630-001,11,11,12,91.7,91.7,SUSPECT,SUSPECT
BraTS-GLI-01057-000,11,12,12,91.7,100.0,SUSPECT,SUSPECT
BraTS-GLI-00456-000,11,11,12,91.7,91.7,SUSPECT,SUSPECT
BraTS-GLI-01451-000,11,12,12,91.7,100.0,SUSPECT,SUSPECT
BraTS-GLI-01452-000,11,11,12,91.7,91.7,SUSPECT,SUSPECT
BraTS-GLI-01533-000,11,11,12,91.7,91.7,SUSPECT,SUSPECT
BraTS-GLI-00020-001,11,11,12,91.7,91.7,SUSPECT,SUSPECT
BraTS-GLI-00452-000,11,11,12,91.7,91.7,SUSPECT,SUSPECT
BraTS-GLI-01455-000,11,11,12,91.7,91.7,SUSPECT,SUSPECT
BraTS-GLI-01457-000,11,11,12,91.7,91.7,SUSPECT,SUSPECT
BraTS-GLI-00449-000,11,11,12,91.7,91.7,SUSPECT,SUSPECT
BraTS-GLI-00290-000,11,11,12,91.7,91.7,SUSPECT,SUSPECT
BraTS-GLI-01303-000,11,11,12,91.7,91.7,SUSPECT,SUSPECT
BraTS-GLI-01465-000,11,11,12,91.7,91.7,SUSPECT,SUSPECT
BraTS-GLI-00496-000,11,11,12,91.7,91.7,SUSPECT,SUSPECT
BraTS-GLI-00607-001,11,11,12,91.7,91.7,SUSPECT,SUSPECT
BraTS-GLI-01022-000,11,11,12,91.7,91.7,SUSPECT,SUSPECT
BraTS-GLI-01260-000,11,12,12,91.7,100.0,SUSPECT,SUSPECT
BraTS-GLI-01412-000,11,12,12,91.7,100.0,SUSPECT,SUSPECT
BraTS-GLI-00441-000,11,12,12,91.7,100.0,SUSPECT,SUSPECT
BraTS-GLI-01413-000,11,11,12,91.7,91.7,SUSPECT,SUSPECT
BraTS-GLI-01174-000,11,11,12,91.7,91.7,SUSPECT,SUSPECT
BraTS-GLI-01400-000,11,12,12,91.7,100.0,SUSPECT,SUSPECT
BraTS-GLI-00707-000,11,12,12,91.7,100.0,SUSPECT,SUSPECT
BraTS-GLI-00819-000,11,12,12,91.7,100.0,SUSPECT,SUSPECT
BraTS-GLI-01464-000,11,11,12,91.7,91.7,SUSPECT,SUSPECT
BraTS-GLI-01525-000,11,11,12,91.7,91.7,SUSPECT,SUSPECT
BraTS-GLI-01240-000,11,11,12,91.7,91.7,SUSPECT,SUSPECT
BraTS-GLI-00142-000,11,11,12,91.7,91.7,SUSPECT,SUSPECT
BraTS-GLI-01177-000,11,11,12,91.7,91.7,SUSPECT,SUSPECT
BraTS-GLI-01172-000,11,11,12,91.7,91.7,SUSPECT,SUSPECT
BraTS-GLI-00545-000,11,11,12,91.7,91.7,SUSPECT,SUSPECT
BraTS-GLI-01151-000,11,11,12,91.7,91.7,SUSPECT,SUSPECT
BraTS-GLI-01162-000,11,11,12,91.7,91.7,SUSPECT,SUSPECT
BraTS-GLI-01171-000,11,12,12,91.7,100.0,SUSPECT,SUSPECT
BraTS-GLI-00574-000,11,11,12,91.7,91.7,SUSPECT,SUSPECT
BraTS-GLI-00111-000,11,11,12,91.7,91.7,SUSPECT,SUSPECT
BraTS-GLI-01487-000,11,11,12,91.7,91.7,SUSPECT,SUSPECT
BraTS-GLI-01485-000,11,11,12,91.7,91.7,SUSPECT,SUSPECT
BraTS-GLI-01483-000,11,11,12,91.7,91.7,SUSPECT,SUSPECT
BraTS-GLI-01180-000,11,11,12,91.7,91.7,SUSPECT,SUSPECT
BraTS-GLI-00797-000,11,11,12,91.7,91.7,SUSPECT,SUSPECT
BraTS-GLI-01191-000,11,11,12,91.7,91.7,SUSPECT,SUSPECT
BraTS-GLI-00106-000,11,11,12,91.7,91.7,SUSPECT,SUSPECT
BraTS-GLI-01154-000,11,11,12,91.7,91.7,SUSPECT,SUSPECT
BraTS-GLI-01282-000,11,11,12,91.7,91.7,SUSPECT,SUSPECT
BraTS-GLI-00100-000,11,11,12,91.7,91.7,SUSPECT,SUSPECT
BraTS-GLI-00778-000,11,11,12,91.7,91.7,SUSPECT,SUSPECT
BraTS-GLI-00116-000,11,12,12,91.7,100.0,SUSPECT,SUSPECT
BraTS-GLI-01429-000,11,11,12,91.7,91.7,SUSPECT,SUSPECT
BraTS-GLI-00404-000,11,11,12,91.7,91.7,SUSPECT,SUSPECT
BraTS-GLI-01387-000,11,12,12,91.7,100.0,SUSPECT,SUSPECT
BraTS-GLI-00803-000,11,11,12,91.7,91.7,SUSPECT,SUSPECT
BraTS-GLI-00132-000,11,11,12,91.7,91.7,SUSPECT,SUSPECT
BraTS-GLI-00685-001,11,11,12,91.7,91.7,SUSPECT,SUSPECT
BraTS-GLI-00533-000,11,11,12,91.7,91.7,SUSPECT,SUSPECT
BraTS-GLI-00565-000,11,12,12,91.7,100.0,SUSPECT,SUSPECT
BraTS-GLI-01173-000,11,11,12,91.7,91.7,SUSPECT,SUSPECT
BraTS-GLI-01482-000,11,11,12,91.7,91.7,SUSPECT,SUSPECT
BraTS-GLI-00137-000,11,11,12,91.7,91.7,SUSPECT,SUSPECT
BraTS-GLI-00126-000,11,11,12,91.7,91.7,SUSPECT,SUSPECT
BraTS-GLI-01516-000,11,11,12,91.7,91.7,SUSPECT,SUSPECT
BraTS-GLI-01185-000,11,12,12,91.7,100.0,SUSPECT,SUSPECT
BraTS-GLI-00349-000,11,11,12,91.7,91.7,SUSPECT,SUSPECT
BraTS-GLI-00120-000,11,11,12,91.7,91.7,SUSPECT,SUSPECT
BraTS-GLI-01488-000,11,11,12,91.7,91.7,SUSPECT,SUSPECT
BraTS-GLI-01136-000,11,11,12,91.7,91.7,SUSPECT,SUSPECT
BraTS-GLI-00774-000,10,10,12,83.3,83.3,SUSPECT,SUSPECT
BraTS-GLI-00773-000,10,11,12,83.3,91.7,SUSPECT,SUSPECT
BraTS-GLI-00736-000,10,10,12,83.3,83.3,SUSPECT,SUSPECT
BraTS-GLI-00448-000,10,10,12,83.3,83.3,SUSPECT,SUSPECT
BraTS-GLI-00454-000,10,12,12,83.3,100.0,SUSPECT,SUSPECT
BraTS-GLI-00777-000,10,12,12,83.3,100.0,SUSPECT,SUSPECT
BraTS-GLI-00604-000,10,10,12,83.3,83.3,SUSPECT,SUSPECT
BraTS-GLI-00616-000,10,10,12,83.3,83.3,SUSPECT,SUSPECT
BraTS-GLI-00453-000,10,10,12,83.3,83.3,SUSPECT,SUSPECT
BraTS-GLI-00735-000,10,10,12,83.3,83.3,SUSPECT,SUSPECT
BraTS-GLI-00457-000,10,10,12,83.3,83.3,SUSPECT,SUSPECT
BraTS-GLI-01426-000,10,10,12,83.3,83.3,SUSPECT,SUSPECT
BraTS-GLI-00618-000,10,10,12,83.3,83.3,SUSPECT,SUSPECT
BraTS-GLI-01366-000,10,12,12,83.3,100.0,SUSPECT,SUSPECT
BraTS-GLI-00468-000,10,11,12,83.3,91.7,SUSPECT,SUSPECT
BraTS-GLI-00628-000,10,10,12,83.3,83.3,SUSPECT,SUSPECT
BraTS-GLI-00768-001,10,12,12,83.3,100.0,SUSPECT,SUSPECT
BraTS-GLI-00606-000,10,10,12,83.3,83.3,SUSPECT,SUSPECT
BraTS-GLI-00622-000,10,10,12,83.3,83.3,SUSPECT,SUSPECT
BraTS-GLI-00621-000,10,10,12,83.3,83.3,SUSPECT,SUSPECT
BraTS-GLI-00406-000,10,10,12,83.3,83.3,SUSPECT,SUSPECT
BraTS-GLI-00757-000,10,10,12,83.3,83.3,SUSPECT,SUSPECT
BraTS-GLI-01418-000,10,11,12,83.3,91.7,SUSPECT,SUSPECT
BraTS-GLI-00612-000,10,12,12,83.3,100.0,SUSPECT,SUSPECT
BraTS-GLI-01337-000,10,10,12,83.3,83.3,SUSPECT,SUSPECT
BraTS-GLI-00611-000,10,10,12,83.3,83.3,SUSPECT,SUSPECT
BraTS-GLI-00756-000,10,10,12,83.3,83.3,SUSPECT,SUSPECT
BraTS-GLI-00753-001,10,10,12,83.3,83.3,SUSPECT,SUSPECT
BraTS-GLI-00751-000,10,10,12,83.3,83.3,SUSPECT,SUSPECT
BraTS-GLI-00750-001,10,10,12,83.3,83.3,SUSPECT,SUSPECT
BraTS-GLI-01423-000,10,12,12,83.3,100.0,SUSPECT,SUSPECT
BraTS-GLI-00615-000,10,12,12,83.3,100.0,SUSPECT,SUSPECT
BraTS-GLI-00747-000,10,10,12,83.3,83.3,SUSPECT,SUSPECT
BraTS-GLI-00426-000,10,10,12,83.3,83.3,SUSPECT,SUSPECT
BraTS-GLI-00746-000,10,12,12,83.3,100.0,SUSPECT,SUSPECT
BraTS-GLI-00744-000,10,10,12,83.3,83.3,SUSPECT,SUSPECT
BraTS-GLI-00767-000,10,10,12,83.3,83.3,SUSPECT,SUSPECT
BraTS-GLI-00624-000,10,10,12,83.3,83.3,SUSPECT,SUSPECT
BraTS-GLI-00742-000,10,10,12,83.3,83.3,SUSPECT,SUSPECT
BraTS-GLI-01415-000,10,12,12,83.3,100.0,SUSPECT,SUSPECT
BraTS-GLI-00433-000,10,12,12,83.3,100.0,SUSPECT,SUSPECT
BraTS-GLI-00399-000,10,10,12,83.3,83.3,SUSPECT,SUSPECT
BraTS-GLI-00772-000,10,10,12,83.3,83.3,SUSPECT,SUSPECT
BraTS-GLI-00729-000,10,10,12,83.3,83.3,SUSPECT,SUSPECT
BraTS-GLI-01372-000,10,10,12,83.3,83.3,SUSPECT,SUSPECT
BraTS-GLI-00478-000,10,10,12,83.3,83.3,SUSPECT,SUSPECT
BraTS-GLI-00601-000,10,12,12,83.3,100.0,SUSPECT,SUSPECT
BraTS-GLI-00540-000,10,12,12,83.3,100.0,SUSPECT,SUSPECT
BraTS-GLI-01353-000,10,10,12,83.3,83.3,SUSPECT,SUSPECT
BraTS-GLI-00687-000,10,10,12,83.3,83.3,SUSPECT,SUSPECT
BraTS-GLI-01389-000,10,10,12,83.3,83.3,SUSPECT,SUSPECT
BraTS-GLI-00691-000,10,10,12,83.3,83.3,SUSPECT,SUSPECT
BraTS-GLI-00692-000,10,10,12,83.3,83.3,SUSPECT,SUSPECT
BraTS-GLI-00692-001,10,10,12,83.3,83.3,SUSPECT,SUSPECT
BraTS-GLI-01391-000,10,11,12,83.3,91.7,SUSPECT,SUSPECT
BraTS-GLI-00524-000,10,12,12,83.3,100.0,SUSPECT,SUSPECT
BraTS-GLI-00649-000,10,10,12,83.3,83.3,SUSPECT,SUSPECT
BraTS-GLI-00645-001,10,12,12,83.3,100.0,SUSPECT,SUSPECT
BraTS-GLI-00520-001,10,10,12,83.3,83.3,SUSPECT,SUSPECT
BraTS-GLI-00520-000,10,10,12,83.3,83.3,SUSPECT,SUSPECT
BraTS-GLI-00782-000,10,12,12,83.3,100.0,SUSPECT,SUSPECT
BraTS-GLI-00693-000,10,10,12,83.3,83.3,SUSPECT,SUSPECT
BraTS-GLI-00645-000,10,10,12,83.3,83.3,SUSPECT,SUSPECT
BraTS-GLI-00694-000,10,10,12,83.3,83.3,SUSPECT,SUSPECT
BraTS-GLI-00542-000,10,10,12,83.3,83.3,SUSPECT,SUSPECT
BraTS-GLI-00578-000,10,10,12,83.3,83.3,SUSPECT,SUSPECT
BraTS-GLI-00544-000,10,10,12,83.3,83.3,SUSPECT,SUSPECT
BraTS-GLI-00675-000,10,10,12,83.3,83.3,SUSPECT,SUSPECT
BraTS-GLI-00563-000,10,12,12,83.3,100.0,SUSPECT,SUSPECT
BraTS-GLI-00659-000,10,12,12,83.3,100.0,SUSPECT,SUSPECT
BraTS-GLI-00661-000,10,10,12,83.3,83.3,SUSPECT,SUSPECT
BraTS-GLI-00674-000,10,10,12,83.3,83.3,SUSPECT,SUSPECT
BraTS-GLI-00556-000,10,10,12,83.3,83.3,SUSPECT,SUSPECT
BraTS-GLI-00674-001,10,10,12,83.3,83.3,SUSPECT,SUSPECT
BraTS-GLI-00654-001,10,10,12,83.3,83.3,SUSPECT,SUSPECT
BraTS-GLI-01379-000,10,10,12,83.3,83.3,SUSPECT,SUSPECT
BraTS-GLI-00684-000,10,10,12,83.3,83.3,SUSPECT,SUSPECT
BraTS-GLI-00675-001,10,12,12,83.3,100.0,SUSPECT,SUSPECT
BraTS-GLI-00676-000,10,12,12,83.3,100.0,SUSPECT,SUSPECT
BraTS-GLI-00572-000,10,10,12,83.3,83.3,SUSPECT,SUSPECT
BraTS-GLI-00679-000,10,10,12,83.3,83.3,SUSPECT,SUSPECT
BraTS-GLI-00680-001,10,10,12,83.3,83.3,SUSPECT,SUSPECT
BraTS-GLI-00682-000,10,10,12,83.3,83.3,SUSPECT,SUSPECT
BraTS-GLI-00547-000,10,12,12,83.3,100.0,SUSPECT,SUSPECT
BraTS-GLI-00518-000,10,10,12,83.3,83.3,SUSPECT,SUSPECT
BraTS-GLI-00517-001,10,10,12,83.3,83.3,SUSPECT,SUSPECT
BraTS-GLI-00641-000,10,10,12,83.3,83.3,SUSPECT,SUSPECT
BraTS-GLI-00718-000,10,12,12,83.3,100.0,SUSPECT,SUSPECT
BraTS-GLI-00495-001,10,10,12,83.3,83.3,SUSPECT,SUSPECT
BraTS-GLI-00495-000,10,12,12,83.3,100.0,SUSPECT,SUSPECT
BraTS-GLI-00709-000,10,10,12,83.3,83.3,SUSPECT,SUSPECT
BraTS-GLI-00715-000,10,10,12,83.3,83.3,SUSPECT,SUSPECT
BraTS-GLI-00598-000,10,10,12,83.3,83.3,SUSPECT,SUSPECT
BraTS-GLI-00599-000,10,11,12,83.3,91.7,SUSPECT,SUSPECT
BraTS-GLI-00488-000,10,10,12,83.3,83.3,SUSPECT,SUSPECT
BraTS-GLI-00485-000,10,10,12,83.3,83.3,SUSPECT,SUSPECT
BraTS-GLI-00498-000,10,10,12,83.3,83.3,SUSPECT,SUSPECT
BraTS-GLI-00723-000,10,10,12,83.3,83.3,SUSPECT,SUSPECT
BraTS-GLI-01402-000,10,10,12,83.3,83.3,SUSPECT,SUSPECT
BraTS-GLI-00724-000,10,10,12,83.3,83.3,SUSPECT,SUSPECT
BraTS-GLI-01348-000,10,10,12,83.3,83.3,SUSPECT,SUSPECT
BraTS-GLI-00727-001,10,10,12,83.3,83.3,SUSPECT,SUSPECT
BraTS-GLI-00728-000,10,10,12,83.3,83.3,SUSPECT,SUSPECT
BraTS-GLI-00479-000,10,10,12,83.3,83.3,SUSPECT,SUSPECT
BraTS-GLI-00631-000,10,10,12,83.3,83.3,SUSPECT,SUSPECT
BraTS-GLI-00498-001,10,10,12,83.3,83.3,SUSPECT,SUSPECT
BraTS-GLI-01394-000,10,10,12,83.3,83.3,SUSPECT,SUSPECT
BraTS-GLI-01349-000,10,12,12,83.3,100.0,SUSPECT,SUSPECT
BraTS-GLI-00698-000,10,12,12,83.3,100.0,SUSPECT,SUSPECT
BraTS-GLI-00512-000,10,10,12,83.3,83.3,SUSPECT,SUSPECT
BraTS-GLI-01395-000,10,10,12,83.3,83.3,SUSPECT,SUSPECT
BraTS-GLI-00640-000,10,10,12,83.3,83.3,SUSPECT,SUSPECT
BraTS-GLI-01368-000,10,10,12,83.3,83.3,SUSPECT,SUSPECT
BraTS-GLI-00511-000,10,10,12,83.3,83.3,SUSPECT,SUSPECT
BraTS-GLI-00510-000,10,10,12,83.3,83.3,SUSPECT,SUSPECT
BraTS-GLI-00705-000,10,12,12,83.3,100.0,SUSPECT,SUSPECT
BraTS-GLI-00499-000,10,10,12,83.3,83.3,SUSPECT,SUSPECT
BraTS-GLI-00504-000,10,10,12,83.3,83.3,SUSPECT,SUSPECT
BraTS-GLI-00502-001,10,10,12,83.3,83.3,SUSPECT,SUSPECT
BraTS-GLI-00502-000,10,10,12,83.3,83.3,SUSPECT,SUSPECT
BraTS-GLI-00636-000,10,12,12,83.3,100.0,SUSPECT,SUSPECT
BraTS-GLI-00594-000,10,10,12,83.3,83.3,SUSPECT,SUSPECT
BraTS-GLI-00708-001,10,10,12,83.3,83.3,SUSPECT,SUSPECT
BraTS-GLI-00596-000,10,10,12,83.3,83.3,SUSPECT,SUSPECT
BraTS-GLI-00591-000,10,10,12,83.3,83.3,SUSPECT,SUSPECT
BraTS-GLI-00619-000,10,10,12,83.3,83.3,SUSPECT,SUSPECT
BraTS-GLI-01101-000,10,10,12,83.3,83.3,SUSPECT,SUSPECT
BraTS-GLI-00219-000,10,11,12,83.3,91.7,SUSPECT,SUSPECT
BraTS-GLI-00072-000,10,10,12,83.3,83.3,SUSPECT,SUSPECT
BraTS-GLI-01503-000,10,11,12,83.3,91.7,SUSPECT,SUSPECT
BraTS-GLI-01098-000,10,12,12,83.3,100.0,SUSPECT,SUSPECT
BraTS-GLI-00188-000,10,12,12,83.3,100.0,SUSPECT,SUSPECT
BraTS-GLI-01097-000,10,10,12,83.3,83.3,SUSPECT,SUSPECT
BraTS-GLI-01504-000,10,12,12,83.3,100.0,SUSPECT,SUSPECT
BraTS-GLI-01094-000,10,10,12,83.3,83.3,SUSPECT,SUSPECT
BraTS-GLI-01505-000,10,10,12,83.3,83.3,SUSPECT,SUSPECT
BraTS-GLI-01510-000,10,10,12,83.3,83.3,SUSPECT,SUSPECT
BraTS-GLI-00058-001,10,10,12,83.3,83.3,SUSPECT,SUSPECT
BraTS-GLI-00211-000,10,12,12,83.3,100.0,SUSPECT,SUSPECT
BraTS-GLI-01463-000,10,12,12,83.3,100.0,SUSPECT,SUSPECT
BraTS-GLI-01189-000,10,10,12,83.3,83.3,SUSPECT,SUSPECT
BraTS-GLI-01081-000,10,10,12,83.3,83.3,SUSPECT,SUSPECT
BraTS-GLI-00054-000,10,10,12,83.3,83.3,SUSPECT,SUSPECT
BraTS-GLI-01043-000,10,10,12,83.3,83.3,SUSPECT,SUSPECT
BraTS-GLI-00230-000,10,10,12,83.3,83.3,SUSPECT,SUSPECT
BraTS-GLI-01069-000,10,10,12,83.3,83.3,SUSPECT,SUSPECT
BraTS-GLI-00235-000,10,12,12,83.3,100.0,SUSPECT,SUSPECT
BraTS-GLI-01194-000,10,10,12,83.3,83.3,SUSPECT,SUSPECT
BraTS-GLI-01195-000,10,10,12,83.3,83.3,SUSPECT,SUSPECT
BraTS-GLI-00238-000,10,10,12,83.3,83.3,SUSPECT,SUSPECT
BraTS-GLI-00242-000,10,10,12,83.3,83.3,SUSPECT,SUSPECT
BraTS-GLI-01199-000,10,11,12,83.3,91.7,SUSPECT,SUSPECT
BraTS-GLI-01453-000,10,10,12,83.3,83.3,SUSPECT,SUSPECT
BraTS-GLI-01064-000,10,12,12,83.3,100.0,SUSPECT,SUSPECT
BraTS-GLI-01060-000,10,10,12,83.3,83.3,SUSPECT,SUSPECT
BraTS-GLI-01279-000,10,10,12,83.3,83.3,SUSPECT,SUSPECT
BraTS-GLI-01054-000,10,12,12,83.3,100.0,SUSPECT,SUSPECT
BraTS-GLI-01520-000,10,10,12,83.3,83.3,SUSPECT,SUSPECT
BraTS-GLI-01104-000,10,10,12,83.3,83.3,SUSPECT,SUSPECT
BraTS-GLI-00178-000,10,10,12,83.3,83.3,SUSPECT,SUSPECT
BraTS-GLI-01296-000,10,10,12,83.3,83.3,SUSPECT,SUSPECT
BraTS-GLI-01502-000,10,10,12,83.3,83.3,SUSPECT,SUSPECT
BraTS-GLI-00098-000,10,10,12,83.3,83.3,SUSPECT,SUSPECT
BraTS-GLI-01159-000,10,10,12,83.3,83.3,SUSPECT,SUSPECT
BraTS-GLI-00101-000,10,10,12,83.3,83.3,SUSPECT,SUSPECT
BraTS-GLI-01157-000,10,10,12,83.3,83.3,SUSPECT,SUSPECT
BraTS-GLI-01161-000,10,10,12,83.3,83.3,SUSPECT,SUSPECT
BraTS-GLI-01278-000,10,10,12,83.3,83.3,SUSPECT,SUSPECT
BraTS-GLI-00110-000,10,10,12,83.3,83.3,SUSPECT,SUSPECT
BraTS-GLI-00094-000,10,10,12,83.3,83.3,SUSPECT,SUSPECT
BraTS-GLI-01144-000,10,10,12,83.3,83.3,SUSPECT,SUSPECT
BraTS-GLI-00118-000,10,12,12,83.3,100.0,SUSPECT,SUSPECT
BraTS-GLI-00121-000,10,10,12,83.3,83.3,SUSPECT,SUSPECT
BraTS-GLI-01492-000,10,10,12,83.3,83.3,SUSPECT,SUSPECT
BraTS-GLI-00123-000,10,12,12,83.3,100.0,SUSPECT,SUSPECT
BraTS-GLI-00128-000,10,11,12,83.3,91.7,SUSPECT,SUSPECT
BraTS-GLI-00130-000,10,10,12,83.3,83.3,SUSPECT,SUSPECT
BraTS-GLI-00089-000,10,12,12,83.3,100.0,SUSPECT,SUSPECT
BraTS-GLI-01135-000,10,10,12,83.3,83.3,SUSPECT,SUSPECT
BraTS-GLI-01133-000,10,10,12,83.3,83.3,SUSPECT,SUSPECT
BraTS-GLI-01167-000,10,10,12,83.3,83.3,SUSPECT,SUSPECT
BraTS-GLI-01288-000,10,10,12,83.3,83.3,SUSPECT,SUSPECT
BraTS-GLI-01124-000,10,10,12,83.3,83.3,SUSPECT,SUSPECT
BraTS-GLI-01122-000,10,10,12,83.3,83.3,SUSPECT,SUSPECT
BraTS-GLI-01120-000,10,10,12,83.3,83.3,SUSPECT,SUSPECT
BraTS-GLI-00156-000,10,10,12,83.3,83.3,SUSPECT,SUSPECT
BraTS-GLI-01293-000,10,10,12,83.3,83.3,SUSPECT,SUSPECT
BraTS-GLI-01113-000,10,10,12,83.3,83.3,SUSPECT,SUSPECT
BraTS-GLI-01497-000,10,10,12,83.3,83.3,SUSPECT,SUSPECT
BraTS-GLI-01294-000,10,10,12,83.3,83.3,SUSPECT,SUSPECT
BraTS-GLI-01108-000,10,12,12,83.3,100.0,SUSPECT,SUSPECT
BraTS-GLI-01523-000,10,10,12,83.3,83.3,SUSPECT,SUSPECT
BraTS-GLI-01207-000,10,12,12,83.3,100.0,SUSPECT,SUSPECT
BraTS-GLI-01014-000,10,10,12,83.3,83.3,SUSPECT,SUSPECT
BraTS-GLI-00824-000,10,10,12,83.3,83.3,SUSPECT,SUSPECT
BraTS-GLI-00303-000,10,10,12,83.3,83.3,SUSPECT,SUSPECT
BraTS-GLI-01040-000,10,10,12,83.3,83.3,SUSPECT,SUSPECT
BraTS-GLI-00306-000,10,12,12,83.3,100.0,SUSPECT,SUSPECT
BraTS-GLI-01013-000,10,10,12,83.3,83.3,SUSPECT,SUSPECT
BraTS-GLI-01439-000,10,12,12,83.3,100.0,SUSPECT,SUSPECT
BraTS-GLI-01007-000,10,12,12,83.3,100.0,SUSPECT,SUSPECT
BraTS-GLI-01438-000,10,12,12,83.3,100.0,SUSPECT,SUSPECT
BraTS-GLI-01255-000,10,10,12,83.3,83.3,SUSPECT,SUSPECT
BraTS-GLI-01436-000,10,10,12,83.3,83.3,SUSPECT,SUSPECT
BraTS-GLI-01658-000,10,10,12,83.3,83.3,SUSPECT,SUSPECT
BraTS-GLI-00321-000,10,10,12,83.3,83.3,SUSPECT,SUSPECT
BraTS-GLI-01326-000,10,12,12,83.3,100.0,SUSPECT,SUSPECT
BraTS-GLI-00830-000,10,10,12,83.3,83.3,SUSPECT,SUSPECT
BraTS-GLI-00336-000,10,12,12,83.3,100.0,SUSPECT,SUSPECT
BraTS-GLI-01241-000,10,10,12,83.3,83.3,SUSPECT,SUSPECT
BraTS-GLI-01019-000,10,10,12,83.3,83.3,SUSPECT,SUSPECT
BraTS-GLI-01662-000,10,10,12,83.3,83.3,SUSPECT,SUSPECT
BraTS-GLI-00008-000,10,10,12,83.3,83.3,SUSPECT,SUSPECT
BraTS-GLI-00351-000,10,10,12,83.3,83.3,SUSPECT,SUSPECT
BraTS-GLI-00807-000,10,10,12,83.3,83.3,SUSPECT,SUSPECT
BraTS-GLI-00356-000,10,10,12,83.3,83.3,SUSPECT,SUSPECT
BraTS-GLI-00804-000,10,12,12,83.3,100.0,SUSPECT,SUSPECT
BraTS-GLI-01430-000,10,12,12,83.3,100.0,SUSPECT,SUSPECT
BraTS-GLI-00367-000,10,10,12,83.3,83.3,SUSPECT,SUSPECT
BraTS-GLI-01663-000,10,10,12,83.3,83.3,SUSPECT,SUSPECT
BraTS-GLI-00371-000,10,10,12,83.3,83.3,SUSPECT,SUSPECT
BraTS-GLI-00800-000,10,10,12,83.3,83.3,SUSPECT,SUSPECT
BraTS-GLI-01332-000,10,10,12,83.3,83.3,SUSPECT,SUSPECT
BraTS-GLI-00377-000,10,11,12,83.3,91.7,SUSPECT,SUSPECT
BraTS-GLI-01665-000,10,10,12,83.3,83.3,SUSPECT,SUSPECT
BraTS-GLI-01322-000,10,12,12,83.3,100.0,SUSPECT,SUSPECT
BraTS-GLI-01160-000,10,12,12,83.3,100.0,SUSPECT,SUSPECT
BraTS-GLI-01263-000,10,10,12,83.3,83.3,SUSPECT,SUSPECT
BraTS-GLI-01236-000,10,11,12,83.3,91.7,SUSPECT,SUSPECT
BraTS-GLI-01531-000,10,12,12,83.3,100.0,SUSPECT,SUSPECT
BraTS-GLI-00022-000,10,10,12,83.3,83.3,SUSPECT,SUSPECT
BraTS-GLI-01228-000,10,10,12,83.3,83.3,SUSPECT,SUSPECT
BraTS-GLI-00299-000,10,12,12,83.3,100.0,SUSPECT,SUSPECT
BraTS-GLI-01315-000,10,12,12,83.3,100.0,SUSPECT,SUSPECT
BraTS-GLI-01225-000,10,12,12,83.3,100.0,SUSPECT,SUSPECT
BraTS-GLI-01535-000,10,12,12,83.3,100.0,SUSPECT,SUSPECT
BraTS-GLI-01223-000,10,10,12,83.3,83.3,SUSPECT,SUSPECT
BraTS-GLI-01026-000,10,12,12,83.3,100.0,SUSPECT,SUSPECT
BraTS-GLI-01314-000,10,10,12,83.3,83.3,SUSPECT,SUSPECT
BraTS-GLI-00289-000,10,10,12,83.3,83.3,SUSPECT,SUSPECT
BraTS-GLI-01024-000,10,11,12,83.3,91.7,SUSPECT,SUSPECT
BraTS-GLI-00292-000,10,10,12,83.3,83.3,SUSPECT,SUSPECT
BraTS-GLI-01023-000,10,10,12,83.3,83.3,SUSPECT,SUSPECT
BraTS-GLI-01526-000,10,10,12,83.3,83.3,SUSPECT,SUSPECT
BraTS-GLI-00294-000,10,10,12,83.3,83.3,SUSPECT,SUSPECT
BraTS-GLI-00017-001,10,10,12,83.3,83.3,SUSPECT,SUSPECT
BraTS-GLI-01524-000,10,10,12,83.3,83.3,SUSPECT,SUSPECT
BraTS-GLI-01216-000,9,10,12,75.0,83.3,SUSPECT,SUSPECT
BraTS-GLI-00620-001,9,9,12,75.0,75.0,SUSPECT,SUSPECT
BraTS-GLI-01248-000,9,10,12,75.0,83.3,SUSPECT,SUSPECT
BraTS-GLI-01270-000,9,11,12,75.0,91.7,SUSPECT,SUSPECT
BraTS-GLI-00646-000,9,9,12,75.0,75.0,SUSPECT,SUSPECT
BraTS-GLI-00642-000,9,9,12,75.0,75.0,SUSPECT,SUSPECT
BraTS-GLI-00649-001,9,9,12,75.0,75.0,SUSPECT,SUSPECT
BraTS-GLI-00658-000,9,9,12,75.0,75.0,SUSPECT,SUSPECT
BraTS-GLI-01239-000,9,10,12,75.0,83.3,SUSPECT,SUSPECT
BraTS-GLI-01231-000,9,12,12,75.0,100.0,SUSPECT,SUSPECT
BraTS-GLI-01164-000,9,9,12,75.0,75.0,SUSPECT,SUSPECT
BraTS-GLI-01247-000,9,9,12,75.0,75.0,SUSPECT,SUSPECT
BraTS-GLI-01165-000,9,11,12,75.0,91.7,SUSPECT,SUSPECT
BraTS-GLI-00667-000,9,9,12,75.0,75.0,SUSPECT,SUSPECT
BraTS-GLI-01256-000,9,10,12,75.0,83.3,SUSPECT,SUSPECT
BraTS-GLI-00650-000,9,9,12,75.0,75.0,SUSPECT,SUSPECT
BraTS-GLI-01192-000,9,10,12,75.0,83.3,SUSPECT,SUSPECT
BraTS-GLI-00663-000,9,10,12,75.0,83.3,SUSPECT,SUSPECT
BraTS-GLI-01234-000,9,10,12,75.0,83.3,SUSPECT,SUSPECT
BraTS-GLI-00623-000,9,10,12,75.0,83.3,SUSPECT,SUSPECT
BraTS-GLI-00626-000,9,10,12,75.0,83.3,SUSPECT,SUSPECT
BraTS-GLI-00655-000,9,10,12,75.0,83.3,SUSPECT,SUSPECT
BraTS-GLI-00625-000,9,10,12,75.0,83.3,SUSPECT,SUSPECT
BraTS-GLI-01267-000,9,10,12,75.0,83.3,SUSPECT,SUSPECT
BraTS-GLI-01333-000,9,9,12,75.0,75.0,SUSPECT,SUSPECT
BraTS-GLI-00677-000,9,10,12,75.0,83.3,SUSPECT,SUSPECT
BraTS-GLI-01320-000,9,9,12,75.0,75.0,SUSPECT,SUSPECT
BraTS-GLI-01046-000,9,10,12,75.0,83.3,SUSPECT,SUSPECT
BraTS-GLI-00729-001,9,9,12,75.0,75.0,SUSPECT,SUSPECT
BraTS-GLI-01343-000,9,9,12,75.0,75.0,SUSPECT,SUSPECT
BraTS-GLI-00731-000,9,12,12,75.0,100.0,SUSPECT,SUSPECT
BraTS-GLI-00731-001,9,11,12,75.0,91.7,SUSPECT,SUSPECT
BraTS-GLI-00732-001,9,9,12,75.0,75.0,SUSPECT,SUSPECT
BraTS-GLI-01038-000,9,11,12,75.0,91.7,SUSPECT,SUSPECT
BraTS-GLI-00733-000,9,9,12,75.0,75.0,SUSPECT,SUSPECT
BraTS-GLI-00733-001,9,9,12,75.0,75.0,SUSPECT,SUSPECT
BraTS-GLI-00734-000,9,9,12,75.0,75.0,SUSPECT,SUSPECT
BraTS-GLI-01035-000,9,9,12,75.0,75.0,SUSPECT,SUSPECT
BraTS-GLI-01033-000,9,11,12,75.0,91.7,SUSPECT,SUSPECT
BraTS-GLI-01032-000,9,9,12,75.0,75.0,SUSPECT,SUSPECT
BraTS-GLI-01316-000,9,9,12,75.0,75.0,SUSPECT,SUSPECT
BraTS-GLI-00736-001,9,10,12,75.0,83.3,SUSPECT,SUSPECT
BraTS-GLI-00682-001,9,9,12,75.0,75.0,SUSPECT,SUSPECT
BraTS-GLI-01020-000,9,10,12,75.0,83.3,SUSPECT,SUSPECT
BraTS-GLI-00739-000,9,9,12,75.0,75.0,SUSPECT,SUSPECT
BraTS-GLI-00999-000,9,10,12,75.0,83.3,SUSPECT,SUSPECT
BraTS-GLI-00620-000,9,9,12,75.0,75.0,SUSPECT,SUSPECT
BraTS-GLI-00839-000,9,10,12,75.0,83.3,SUSPECT,SUSPECT
BraTS-GLI-00760-000,9,9,12,75.0,75.0,SUSPECT,SUSPECT
BraTS-GLI-00765-000,9,11,12,75.0,91.7,SUSPECT,SUSPECT
BraTS-GLI-01328-000,9,11,12,75.0,91.7,SUSPECT,SUSPECT
BraTS-GLI-00818-000,9,10,12,75.0,83.3,SUSPECT,SUSPECT
BraTS-GLI-00810-000,9,11,12,75.0,91.7,SUSPECT,SUSPECT
BraTS-GLI-00767-001,9,9,12,75.0,75.0,SUSPECT,SUSPECT
BraTS-GLI-00801-000,9,9,12,75.0,75.0,SUSPECT,SUSPECT
BraTS-GLI-00775-000,9,9,12,75.0,75.0,SUSPECT,SUSPECT
BraTS-GLI-00792-000,9,9,12,75.0,75.0,SUSPECT,SUSPECT
BraTS-GLI-01047-000,9,10,12,75.0,83.3,SUSPECT,SUSPECT
BraTS-GLI-01310-000,9,9,12,75.0,75.0,SUSPECT,SUSPECT
BraTS-GLI-01307-000,9,9,12,75.0,75.0,SUSPECT,SUSPECT
BraTS-GLI-00725-000,9,9,12,75.0,75.0,SUSPECT,SUSPECT
BraTS-GLI-01153-000,9,9,12,75.0,75.0,SUSPECT,SUSPECT
BraTS-GLI-00683-001,9,11,12,75.0,91.7,SUSPECT,SUSPECT
BraTS-GLI-00685-000,9,9,12,75.0,75.0,SUSPECT,SUSPECT
BraTS-GLI-01140-000,9,9,12,75.0,75.0,SUSPECT,SUSPECT
BraTS-GLI-01285-000,9,9,12,75.0,75.0,SUSPECT,SUSPECT
BraTS-GLI-00689-001,9,9,12,75.0,75.0,SUSPECT,SUSPECT
BraTS-GLI-01131-000,9,10,12,75.0,83.3,SUSPECT,SUSPECT
BraTS-GLI-01290-000,9,11,12,75.0,91.7,SUSPECT,SUSPECT
BraTS-GLI-01117-000,9,9,12,75.0,75.0,SUSPECT,SUSPECT
BraTS-GLI-01111-000,9,11,12,75.0,91.7,SUSPECT,SUSPECT
BraTS-GLI-01295-000,9,11,12,75.0,91.7,SUSPECT,SUSPECT
BraTS-GLI-00781-000,9,12,12,75.0,100.0,SUSPECT,SUSPECT
BraTS-GLI-00703-000,9,9,12,75.0,75.0,SUSPECT,SUSPECT
BraTS-GLI-01350-000,9,11,12,75.0,91.7,SUSPECT,SUSPECT
BraTS-GLI-01095-000,9,10,12,75.0,83.3,SUSPECT,SUSPECT
BraTS-GLI-01091-000,9,9,12,75.0,75.0,SUSPECT,SUSPECT
BraTS-GLI-00706-000,9,9,12,75.0,75.0,SUSPECT,SUSPECT
BraTS-GLI-01300-000,9,11,12,75.0,91.7,SUSPECT,SUSPECT
BraTS-GLI-01083-000,9,12,12,75.0,100.0,SUSPECT,SUSPECT
BraTS-GLI-01082-000,9,9,12,75.0,75.0,SUSPECT,SUSPECT
BraTS-GLI-01075-000,9,9,12,75.0,75.0,SUSPECT,SUSPECT
BraTS-GLI-01074-000,9,10,12,75.0,83.3,SUSPECT,SUSPECT
BraTS-GLI-01073-000,9,11,12,75.0,91.7,SUSPECT,SUSPECT
BraTS-GLI-01068-000,9,9,12,75.0,75.0,SUSPECT,SUSPECT
BraTS-GLI-00714-001,9,9,12,75.0,75.0,SUSPECT,SUSPECT
BraTS-GLI-00716-000,9,11,12,75.0,91.7,SUSPECT,SUSPECT
BraTS-GLI-01067-000,9,11,12,75.0,91.7,SUSPECT,SUSPECT
BraTS-GLI-01066-000,9,10,12,75.0,83.3,SUSPECT,SUSPECT
BraTS-GLI-01062-000,9,10,12,75.0,83.3,SUSPECT,SUSPECT
BraTS-GLI-00740-000,9,11,12,75.0,91.7,SUSPECT,SUSPECT
BraTS-GLI-00584-000,9,9,12,75.0,75.0,SUSPECT,SUSPECT
BraTS-GLI-00619-001,9,9,12,75.0,75.0,SUSPECT,SUSPECT
BraTS-GLI-00144-000,9,9,12,75.0,75.0,SUSPECT,SUSPECT
BraTS-GLI-00113-000,9,11,12,75.0,91.7,SUSPECT,SUSPECT
BraTS-GLI-01420-000,9,9,12,75.0,75.0,SUSPECT,SUSPECT
BraTS-GLI-01421-000,9,9,12,75.0,75.0,SUSPECT,SUSPECT
BraTS-GLI-01422-000,9,11,12,75.0,91.7,SUSPECT,SUSPECT
BraTS-GLI-00400-000,9,10,12,75.0,83.3,SUSPECT,SUSPECT
BraTS-GLI-00122-000,9,10,12,75.0,83.3,SUSPECT,SUSPECT
BraTS-GLI-00124-000,9,11,12,75.0,91.7,SUSPECT,SUSPECT
BraTS-GLI-01425-000,9,10,12,75.0,83.3,SUSPECT,SUSPECT
BraTS-GLI-00134-000,9,11,12,75.0,91.7,SUSPECT,SUSPECT
BraTS-GLI-00383-000,9,10,12,75.0,83.3,SUSPECT,SUSPECT
BraTS-GLI-01427-000,9,9,12,75.0,75.0,SUSPECT,SUSPECT
BraTS-GLI-01478-000,9,11,12,75.0,91.7,SUSPECT,SUSPECT
BraTS-GLI-00380-000,9,12,12,75.0,100.0,SUSPECT,SUSPECT
BraTS-GLI-00379-000,9,10,12,75.0,83.3,SUSPECT,SUSPECT
BraTS-GLI-00138-000,9,9,12,75.0,75.0,SUSPECT,SUSPECT
BraTS-GLI-01428-000,9,9,12,75.0,75.0,SUSPECT,SUSPECT
BraTS-GLI-00375-000,9,10,12,75.0,83.3,SUSPECT,SUSPECT
BraTS-GLI-00409-000,9,10,12,75.0,83.3,SUSPECT,SUSPECT
BraTS-GLI-01419-000,9,9,12,75.0,75.0,SUSPECT,SUSPECT
BraTS-GLI-00107-000,9,9,12,75.0,75.0,SUSPECT,SUSPECT
BraTS-GLI-00472-000,9,9,12,75.0,75.0,SUSPECT,SUSPECT
BraTS-GLI-00056-001,9,9,12,75.0,75.0,SUSPECT,SUSPECT
BraTS-GLI-00485-001,9,10,12,75.0,83.3,SUSPECT,SUSPECT
BraTS-GLI-00483-001,9,10,12,75.0,83.3,SUSPECT,SUSPECT
BraTS-GLI-01512-000,9,10,12,75.0,83.3,SUSPECT,SUSPECT
BraTS-GLI-00480-000,9,11,12,75.0,91.7,SUSPECT,SUSPECT
BraTS-GLI-00479-001,9,9,12,75.0,75.0,SUSPECT,SUSPECT
BraTS-GLI-01406-000,9,10,12,75.0,83.3,SUSPECT,SUSPECT
BraTS-GLI-00470-000,9,11,12,75.0,91.7,SUSPECT,SUSPECT
BraTS-GLI-00105-000,9,11,12,75.0,91.7,SUSPECT,SUSPECT
BraTS-GLI-00063-000,9,9,12,75.0,75.0,SUSPECT,SUSPECT
BraTS-GLI-00451-000,9,9,12,75.0,75.0,SUSPECT,SUSPECT
BraTS-GLI-00444-000,9,9,12,75.0,75.0,SUSPECT,SUSPECT
BraTS-GLI-00095-000,9,9,12,75.0,75.0,SUSPECT,SUSPECT
BraTS-GLI-00096-000,9,10,12,75.0,83.3,SUSPECT,SUSPECT
BraTS-GLI-00419-000,9,12,12,75.0,100.0,SUSPECT,SUSPECT
BraTS-GLI-01486-000,9,9,12,75.0,75.0,SUSPECT,SUSPECT
BraTS-GLI-00143-000,9,10,12,75.0,83.3,SUSPECT,SUSPECT
BraTS-GLI-00366-000,9,12,12,75.0,100.0,SUSPECT,SUSPECT
BraTS-GLI-01513-000,9,9,12,75.0,75.0,SUSPECT,SUSPECT
BraTS-GLI-00364-000,9,10,12,75.0,83.3,SUSPECT,SUSPECT
BraTS-GLI-00206-000,9,12,12,75.0,100.0,SUSPECT,SUSPECT
BraTS-GLI-01441-000,9,10,12,75.0,83.3,SUSPECT,SUSPECT
BraTS-GLI-00297-000,9,9,12,75.0,75.0,SUSPECT,SUSPECT
BraTS-GLI-00291-000,9,12,12,75.0,100.0,SUSPECT,SUSPECT
BraTS-GLI-00288-000,9,12,12,75.0,100.0,SUSPECT,SUSPECT
BraTS-GLI-00286-000,9,10,12,75.0,83.3,SUSPECT,SUSPECT
BraTS-GLI-00613-000,9,9,12,75.0,75.0,SUSPECT,SUSPECT
BraTS-GLI-01443-000,9,9,12,75.0,75.0,SUSPECT,SUSPECT
BraTS-GLI-01462-000,9,10,12,75.0,83.3,SUSPECT,SUSPECT
BraTS-GLI-00221-000,9,9,12,75.0,75.0,SUSPECT,SUSPECT
BraTS-GLI-00270-000,9,11,12,75.0,91.7,SUSPECT,SUSPECT
BraTS-GLI-00228-000,9,10,12,75.0,83.3,SUSPECT,SUSPECT
BraTS-GLI-00266-000,9,10,12,75.0,83.3,SUSPECT,SUSPECT
BraTS-GLI-00250-000,9,9,12,75.0,75.0,SUSPECT,SUSPECT
BraTS-GLI-00261-000,9,11,12,75.0,91.7,SUSPECT,SUSPECT
BraTS-GLI-00253-000,9,12,12,75.0,100.0,SUSPECT,SUSPECT
BraTS-GLI-01450-000,9,9,12,75.0,75.0,SUSPECT,SUSPECT
BraTS-GLI-00195-000,9,9,12,75.0,75.0,SUSPECT,SUSPECT
BraTS-GLI-00304-000,9,9,12,75.0,75.0,SUSPECT,SUSPECT
BraTS-GLI-00309-000,9,10,12,75.0,83.3,SUSPECT,SUSPECT
BraTS-GLI-00334-000,9,9,12,75.0,75.0,SUSPECT,SUSPECT
BraTS-GLI-00353-000,9,9,12,75.0,75.0,SUSPECT,SUSPECT
BraTS-GLI-00149-000,9,12,12,75.0,100.0,SUSPECT,SUSPECT
BraTS-GLI-00152-000,9,9,12,75.0,75.0,SUSPECT,SUSPECT
BraTS-GLI-00154-000,9,12,12,75.0,100.0,SUSPECT,SUSPECT
BraTS-GLI-00158-000,9,12,12,75.0,100.0,SUSPECT,SUSPECT
BraTS-GLI-00339-000,9,10,12,75.0,83.3,SUSPECT,SUSPECT
BraTS-GLI-00162-000,9,9,12,75.0,75.0,SUSPECT,SUSPECT
BraTS-GLI-00332-000,9,10,12,75.0,83.3,SUSPECT,SUSPECT
BraTS-GLI-00312-000,9,9,12,75.0,75.0,SUSPECT,SUSPECT
BraTS-GLI-01434-000,9,9,12,75.0,75.0,SUSPECT,SUSPECT
BraTS-GLI-01475-000,9,11,12,75.0,91.7,SUSPECT,SUSPECT
BraTS-GLI-00320-000,9,10,12,75.0,83.3,SUSPECT,SUSPECT
BraTS-GLI-00172-000,9,9,12,75.0,75.0,SUSPECT,SUSPECT
BraTS-GLI-00176-000,9,10,12,75.0,83.3,SUSPECT,SUSPECT
BraTS-GLI-01471-000,9,9,12,75.0,75.0,SUSPECT,SUSPECT
BraTS-GLI-01469-000,9,10,12,75.0,83.3,SUSPECT,SUSPECT
BraTS-GLI-00494-000,9,9,12,75.0,75.0,SUSPECT,SUSPECT
BraTS-GLI-00416-000,9,10,12,75.0,83.3,SUSPECT,SUSPECT
BraTS-GLI-00494-001,9,9,12,75.0,75.0,SUSPECT,SUSPECT
BraTS-GLI-01519-000,9,9,12,75.0,75.0,SUSPECT,SUSPECT
BraTS-GLI-00020-000,9,10,12,75.0,83.3,SUSPECT,SUSPECT
BraTS-GLI-00602-000,9,10,12,75.0,83.3,SUSPECT,SUSPECT
BraTS-GLI-00580-000,9,11,12,75.0,91.7,SUSPECT,SUSPECT
BraTS-GLI-00581-000,9,9,12,75.0,75.0,SUSPECT,SUSPECT
BraTS-GLI-00031-001,9,10,12,75.0,83.3,SUSPECT,SUSPECT
BraTS-GLI-00529-000,9,12,12,75.0,100.0,SUSPECT,SUSPECT
BraTS-GLI-00550-001,9,9,12,75.0,75.0,SUSPECT,SUSPECT
BraTS-GLI-00550-000,9,9,12,75.0,75.0,SUSPECT,SUSPECT
BraTS-GLI-00548-001,9,9,12,75.0,75.0,SUSPECT,SUSPECT
BraTS-GLI-00558-001,9,9,12,75.0,75.0,SUSPECT,SUSPECT
BraTS-GLI-01659-000,9,10,12,75.0,83.3,SUSPECT,SUSPECT
BraTS-GLI-00548-000,9,10,12,75.0,83.3,SUSPECT,SUSPECT
BraTS-GLI-00014-000,9,9,12,75.0,75.0,SUSPECT,SUSPECT
BraTS-GLI-00045-000,9,11,12,75.0,91.7,SUSPECT,SUSPECT
BraTS-GLI-00587-000,9,11,12,75.0,91.7,SUSPECT,SUSPECT
BraTS-GLI-00539-000,9,9,12,75.0,75.0,SUSPECT,SUSPECT
BraTS-GLI-00543-000,9,10,12,75.0,83.3,SUSPECT,SUSPECT
BraTS-GLI-00014-001,9,12,12,75.0,100.0,SUSPECT,SUSPECT
BraTS-GLI-00605-000,9,9,12,75.0,75.0,SUSPECT,SUSPECT
BraTS-GLI-00519-000,9,10,12,75.0,83.3,SUSPECT,SUSPECT
BraTS-GLI-00561-000,9,10,12,75.0,83.3,SUSPECT,SUSPECT
BraTS-GLI-00513-000,9,11,12,75.0,91.7,SUSPECT,SUSPECT
BraTS-GLI-01514-000,9,10,12,75.0,83.3,SUSPECT,SUSPECT
BraTS-GLI-01360-000,9,10,12,75.0,83.3,SUSPECT,SUSPECT
BraTS-GLI-00501-000,9,9,12,75.0,75.0,SUSPECT,SUSPECT
BraTS-GLI-00053-000,9,9,12,75.0,75.0,SUSPECT,SUSPECT
BraTS-GLI-00610-001,9,9,12,75.0,75.0,SUSPECT,SUSPECT
BraTS-GLI-00610-000,9,9,12,75.0,75.0,SUSPECT,SUSPECT
BraTS-GLI-01371-000,9,10,12,75.0,83.3,SUSPECT,SUSPECT
BraTS-GLI-01396-000,9,11,12,75.0,91.7,SUSPECT,SUSPECT
BraTS-GLI-00583-000,9,9,12,75.0,75.0,SUSPECT,SUSPECT
BraTS-GLI-00499-001,9,12,12,75.0,100.0,SUSPECT,SUSPECT
BraTS-GLI-00559-001,9,9,12,75.0,75.0,SUSPECT,SUSPECT
BraTS-GLI-01664-000,9,9,12,75.0,75.0,SUSPECT,SUSPECT
BraTS-GLI-01392-000,9,10,12,75.0,83.3,SUSPECT,SUSPECT
BraTS-GLI-00184-000,8,8,12,66.7,66.7,SUSPECT,SUSPECT
BraTS-GLI-01537-000,8,8,12,66.7,66.7,SUSPECT,SUSPECT
BraTS-GLI-01096-000,8,8,12,66.7,66.7,SUSPECT,SUSPECT
BraTS-GLI-00194-000,8,10,12,66.7,83.3,SUSPECT,SUSPECT
BraTS-GLI-01257-000,8,10,12,66.7,83.3,SUSPECT,SUSPECT
BraTS-GLI-00160-000,8,10,12,66.7,83.3,SUSPECT,SUSPECT
BraTS-GLI-00187-000,8,8,12,66.7,66.7,SUSPECT,SUSPECT
BraTS-GLI-01529-000,8,10,12,66.7,83.3,SUSPECT,SUSPECT
BraTS-GLI-01258-000,8,12,12,66.7,100.0,SUSPECT,SUSPECT
BraTS-GLI-01102-000,8,10,12,66.7,83.3,SUSPECT,SUSPECT
BraTS-GLI-01229-000,8,10,12,66.7,83.3,SUSPECT,SUSPECT
BraTS-GLI-01106-000,8,8,12,66.7,66.7,SUSPECT,SUSPECT
BraTS-GLI-01297-000,8,8,12,66.7,66.7,SUSPECT,SUSPECT
BraTS-GLI-01472-000,8,9,12,66.7,75.0,SUSPECT,SUSPECT
BraTS-GLI-01109-000,8,8,12,66.7,66.7,SUSPECT,SUSPECT
BraTS-GLI-01100-000,8,8,12,66.7,66.7,SUSPECT,SUSPECT
BraTS-GLI-01235-000,8,10,12,66.7,83.3,SUSPECT,SUSPECT
BraTS-GLI-00165-000,8,10,12,66.7,83.3,SUSPECT,SUSPECT
BraTS-GLI-00019-000,8,9,12,66.7,75.0,SUSPECT,SUSPECT
BraTS-GLI-01534-000,8,10,12,66.7,83.3,SUSPECT,SUSPECT
BraTS-GLI-00209-000,8,12,12,66.7,100.0,SUSPECT,SUSPECT
BraTS-GLI-01237-000,8,8,12,66.7,66.7,SUSPECT,SUSPECT
BraTS-GLI-01070-000,8,8,12,66.7,66.7,SUSPECT,SUSPECT
BraTS-GLI-01246-000,8,8,12,66.7,66.7,SUSPECT,SUSPECT
BraTS-GLI-00222-000,8,10,12,66.7,83.3,SUSPECT,SUSPECT
BraTS-GLI-00227-000,8,8,12,66.7,66.7,SUSPECT,SUSPECT
BraTS-GLI-00009-000,8,10,12,66.7,83.3,SUSPECT,SUSPECT
BraTS-GLI-00233-000,8,10,12,66.7,83.3,SUSPECT,SUSPECT
BraTS-GLI-01071-000,8,9,12,66.7,75.0,SUSPECT,SUSPECT
BraTS-GLI-01459-000,8,10,12,66.7,83.3,SUSPECT,SUSPECT
BraTS-GLI-01079-000,8,10,12,66.7,83.3,SUSPECT,SUSPECT
BraTS-GLI-00237-000,8,9,12,66.7,75.0,SUSPECT,SUSPECT
BraTS-GLI-00243-000,8,11,12,66.7,91.7,SUSPECT,SUSPECT
BraTS-GLI-01252-000,8,12,12,66.7,100.0,SUSPECT,SUSPECT
BraTS-GLI-01304-000,8,8,12,66.7,66.7,SUSPECT,SUSPECT
BraTS-GLI-01063-000,8,8,12,66.7,66.7,SUSPECT,SUSPECT
BraTS-GLI-01305-000,8,8,12,66.7,66.7,SUSPECT,SUSPECT
BraTS-GLI-00217-000,8,8,12,66.7,66.7,SUSPECT,SUSPECT
BraTS-GLI-01080-000,8,10,12,66.7,83.3,SUSPECT,SUSPECT
BraTS-GLI-00196-000,8,10,12,66.7,83.3,SUSPECT,SUSPECT
BraTS-GLI-01088-000,8,10,12,66.7,83.3,SUSPECT,SUSPECT
BraTS-GLI-01093-000,8,8,12,66.7,66.7,SUSPECT,SUSPECT
BraTS-GLI-00199-000,8,11,12,66.7,91.7,SUSPECT,SUSPECT
BraTS-GLI-00207-000,8,10,12,66.7,83.3,SUSPECT,SUSPECT
BraTS-GLI-01292-000,8,8,12,66.7,66.7,SUSPECT,SUSPECT
BraTS-GLI-01242-000,8,10,12,66.7,83.3,SUSPECT,SUSPECT
BraTS-GLI-01243-000,8,8,12,66.7,66.7,SUSPECT,SUSPECT
BraTS-GLI-01087-000,8,10,12,66.7,83.3,SUSPECT,SUSPECT
BraTS-GLI-00216-000,8,10,12,66.7,83.3,SUSPECT,SUSPECT
BraTS-GLI-01085-000,8,9,12,66.7,75.0,SUSPECT,SUSPECT
BraTS-GLI-01084-000,8,12,12,66.7,100.0,SUSPECT,SUSPECT
BraTS-GLI-00210-000,8,8,12,66.7,66.7,SUSPECT,SUSPECT
BraTS-GLI-01253-000,8,8,12,66.7,66.7,SUSPECT,SUSPECT
BraTS-GLI-00214-000,8,9,12,66.7,75.0,SUSPECT,SUSPECT
BraTS-GLI-01245-000,8,10,12,66.7,83.3,SUSPECT,SUSPECT
BraTS-GLI-01227-000,8,8,12,66.7,66.7,SUSPECT,SUSPECT
BraTS-GLI-00028-000,8,10,12,66.7,83.3,SUSPECT,SUSPECT
BraTS-GLI-01116-000,8,9,12,66.7,75.0,SUSPECT,SUSPECT
BraTS-GLI-00159-000,8,8,12,66.7,66.7,SUSPECT,SUSPECT
BraTS-GLI-01198-000,8,10,12,66.7,83.3,SUSPECT,SUSPECT
BraTS-GLI-01166-000,8,8,12,66.7,66.7,SUSPECT,SUSPECT
BraTS-GLI-00088-000,8,9,12,66.7,75.0,SUSPECT,SUSPECT
BraTS-GLI-00088-001,8,10,12,66.7,83.3,SUSPECT,SUSPECT
BraTS-GLI-00046-000,8,12,12,66.7,100.0,SUSPECT,SUSPECT
BraTS-GLI-00095-001,8,8,12,66.7,66.7,SUSPECT,SUSPECT
BraTS-GLI-01200-000,8,11,12,66.7,91.7,SUSPECT,SUSPECT
BraTS-GLI-00096-001,8,9,12,66.7,75.0,SUSPECT,SUSPECT
BraTS-GLI-00099-000,8,11,12,66.7,91.7,SUSPECT,SUSPECT
BraTS-GLI-01158-000,8,10,12,66.7,83.3,SUSPECT,SUSPECT
BraTS-GLI-00102-000,8,11,12,66.7,91.7,SUSPECT,SUSPECT
BraTS-GLI-01201-000,8,10,12,66.7,83.3,SUSPECT,SUSPECT
BraTS-GLI-00104-000,8,9,12,66.7,75.0,SUSPECT,SUSPECT
BraTS-GLI-01202-000,8,9,12,66.7,75.0,SUSPECT,SUSPECT
BraTS-GLI-01059-000,8,10,12,66.7,83.3,SUSPECT,SUSPECT
BraTS-GLI-01495-000,8,9,12,66.7,75.0,SUSPECT,SUSPECT
BraTS-GLI-01276-000,8,10,12,66.7,83.3,SUSPECT,SUSPECT
BraTS-GLI-01170-000,8,11,12,66.7,91.7,SUSPECT,SUSPECT
BraTS-GLI-00048-001,8,8,12,66.7,66.7,SUSPECT,SUSPECT
BraTS-GLI-01188-000,8,9,12,66.7,75.0,SUSPECT,SUSPECT
BraTS-GLI-01187-000,8,9,12,66.7,75.0,SUSPECT,SUSPECT
BraTS-GLI-01186-000,8,9,12,66.7,75.0,SUSPECT,SUSPECT
BraTS-GLI-01272-000,8,10,12,66.7,83.3,SUSPECT,SUSPECT
BraTS-GLI-00060-000,8,8,12,66.7,66.7,SUSPECT,SUSPECT
BraTS-GLI-01181-000,8,9,12,66.7,75.0,SUSPECT,SUSPECT
BraTS-GLI-01179-000,8,10,12,66.7,83.3,SUSPECT,SUSPECT
BraTS-GLI-01499-000,8,8,12,66.7,66.7,SUSPECT,SUSPECT
BraTS-GLI-00048-000,8,8,12,66.7,66.7,SUSPECT,SUSPECT
BraTS-GLI-01506-000,8,11,12,66.7,91.7,SUSPECT,SUSPECT
BraTS-GLI-01271-000,8,10,12,66.7,83.3,SUSPECT,SUSPECT
BraTS-GLI-00068-000,8,9,12,66.7,75.0,SUSPECT,SUSPECT
BraTS-GLI-00070-000,8,8,12,66.7,66.7,SUSPECT,SUSPECT
BraTS-GLI-00077-000,8,8,12,66.7,66.7,SUSPECT,SUSPECT
BraTS-GLI-00108-000,8,11,12,66.7,91.7,SUSPECT,SUSPECT
BraTS-GLI-01150-000,8,8,12,66.7,66.7,SUSPECT,SUSPECT
BraTS-GLI-01204-000,8,8,12,66.7,66.7,SUSPECT,SUSPECT
BraTS-GLI-01527-000,8,10,12,66.7,83.3,SUSPECT,SUSPECT
BraTS-GLI-00139-000,8,9,12,66.7,75.0,SUSPECT,SUSPECT
BraTS-GLI-01130-000,8,8,12,66.7,66.7,SUSPECT,SUSPECT
BraTS-GLI-01220-000,8,8,12,66.7,66.7,SUSPECT,SUSPECT
BraTS-GLI-00140-000,8,10,12,66.7,83.3,SUSPECT,SUSPECT
BraTS-GLI-01261-000,8,10,12,66.7,83.3,SUSPECT,SUSPECT
BraTS-GLI-01222-000,8,8,12,66.7,66.7,SUSPECT,SUSPECT
BraTS-GLI-01126-000,8,9,12,66.7,75.0,SUSPECT,SUSPECT
BraTS-GLI-01218-000,8,10,12,66.7,83.3,SUSPECT,SUSPECT
BraTS-GLI-00147-000,8,8,12,66.7,66.7,SUSPECT,SUSPECT
BraTS-GLI-01123-000,8,8,12,66.7,66.7,SUSPECT,SUSPECT
BraTS-GLI-01121-000,8,9,12,66.7,75.0,SUSPECT,SUSPECT
BraTS-GLI-01528-000,8,10,12,66.7,83.3,SUSPECT,SUSPECT
BraTS-GLI-00157-000,8,10,12,66.7,83.3,SUSPECT,SUSPECT
BraTS-GLI-01259-000,8,10,12,66.7,83.3,SUSPECT,SUSPECT
BraTS-GLI-01132-000,8,12,12,66.7,100.0,SUSPECT,SUSPECT
BraTS-GLI-00031-000,8,10,12,66.7,83.3,SUSPECT,SUSPECT
BraTS-GLI-01269-000,8,9,12,66.7,75.0,SUSPECT,SUSPECT
BraTS-GLI-00115-000,8,11,12,66.7,91.7,SUSPECT,SUSPECT
BraTS-GLI-01206-000,8,9,12,66.7,75.0,SUSPECT,SUSPECT
BraTS-GLI-01148-000,8,8,12,66.7,66.7,SUSPECT,SUSPECT
BraTS-GLI-01208-000,8,10,12,66.7,83.3,SUSPECT,SUSPECT
BraTS-GLI-01283-000,8,9,12,66.7,75.0,SUSPECT,SUSPECT
BraTS-GLI-01146-000,8,10,12,66.7,83.3,SUSPECT,SUSPECT
BraTS-GLI-01145-000,8,8,12,66.7,66.7,SUSPECT,SUSPECT
BraTS-GLI-00036-000,8,10,12,66.7,83.3,SUSPECT,SUSPECT
BraTS-GLI-01134-000,8,12,12,66.7,100.0,SUSPECT,SUSPECT
BraTS-GLI-01142-000,8,10,12,66.7,83.3,SUSPECT,SUSPECT
BraTS-GLI-01212-000,8,8,12,66.7,66.7,SUSPECT,SUSPECT
BraTS-GLI-00131-000,8,10,12,66.7,83.3,SUSPECT,SUSPECT
BraTS-GLI-01139-000,8,8,12,66.7,66.7,SUSPECT,SUSPECT
BraTS-GLI-01213-000,8,8,12,66.7,66.7,SUSPECT,SUSPECT
BraTS-GLI-00032-001,8,8,12,66.7,66.7,SUSPECT,SUSPECT
BraTS-GLI-00258-000,8,8,12,66.7,66.7,SUSPECT,SUSPECT
BraTS-GLI-01031-000,8,8,12,66.7,66.7,SUSPECT,SUSPECT
BraTS-GLI-01058-000,8,12,12,66.7,100.0,SUSPECT,SUSPECT
BraTS-GLI-00466-000,8,8,12,66.7,66.7,SUSPECT,SUSPECT
BraTS-GLI-01414-000,8,8,12,66.7,66.7,SUSPECT,SUSPECT
BraTS-GLI-01411-000,8,10,12,66.7,83.3,SUSPECT,SUSPECT
BraTS-GLI-00446-000,8,8,12,66.7,66.7,SUSPECT,SUSPECT
BraTS-GLI-01410-000,8,10,12,66.7,83.3,SUSPECT,SUSPECT
BraTS-GLI-00734-001,8,9,12,66.7,75.0,SUSPECT,SUSPECT
BraTS-GLI-00459-000,8,8,12,66.7,66.7,SUSPECT,SUSPECT
BraTS-GLI-01409-000,8,12,12,66.7,100.0,SUSPECT,SUSPECT
BraTS-GLI-01408-000,8,12,12,66.7,100.0,SUSPECT,SUSPECT
BraTS-GLI-00431-000,8,8,12,66.7,66.7,SUSPECT,SUSPECT
BraTS-GLI-00732-000,8,8,12,66.7,66.7,SUSPECT,SUSPECT
BraTS-GLI-00469-001,8,12,12,66.7,100.0,SUSPECT,SUSPECT
BraTS-GLI-01342-000,8,8,12,66.7,66.7,SUSPECT,SUSPECT
BraTS-GLI-01407-000,8,8,12,66.7,66.7,SUSPECT,SUSPECT
BraTS-GLI-01405-000,8,12,12,66.7,100.0,SUSPECT,SUSPECT
BraTS-GLI-01404-000,8,10,12,66.7,83.3,SUSPECT,SUSPECT
BraTS-GLI-00491-000,8,10,12,66.7,83.3,SUSPECT,SUSPECT
BraTS-GLI-01341-000,8,8,12,66.7,66.7,SUSPECT,SUSPECT
BraTS-GLI-00430-000,8,12,12,66.7,100.0,SUSPECT,SUSPECT
BraTS-GLI-01401-000,8,10,12,66.7,83.3,SUSPECT,SUSPECT
BraTS-GLI-01339-000,8,8,12,66.7,66.7,SUSPECT,SUSPECT
BraTS-GLI-00391-000,8,10,12,66.7,83.3,SUSPECT,SUSPECT
BraTS-GLI-00392-000,8,10,12,66.7,83.3,SUSPECT,SUSPECT
BraTS-GLI-00395-000,8,12,12,66.7,100.0,SUSPECT,SUSPECT
BraTS-GLI-01336-000,8,10,12,66.7,83.3,SUSPECT,SUSPECT
BraTS-GLI-01424-000,8,9,12,66.7,75.0,SUSPECT,SUSPECT
BraTS-GLI-00405-000,8,8,12,66.7,66.7,SUSPECT,SUSPECT
BraTS-GLI-01338-000,8,10,12,66.7,83.3,SUSPECT,SUSPECT
BraTS-GLI-00412-000,8,10,12,66.7,83.3,SUSPECT,SUSPECT
BraTS-GLI-00429-000,8,8,12,66.7,66.7,SUSPECT,SUSPECT
BraTS-GLI-00414-000,8,9,12,66.7,75.0,SUSPECT,SUSPECT
BraTS-GLI-01416-000,8,9,12,66.7,75.0,SUSPECT,SUSPECT
BraTS-GLI-01340-000,8,8,12,66.7,66.7,SUSPECT,SUSPECT
BraTS-GLI-00259-000,8,10,12,66.7,83.3,SUSPECT,SUSPECT
BraTS-GLI-00421-000,8,10,12,66.7,83.3,SUSPECT,SUSPECT
BraTS-GLI-00423-000,8,8,12,66.7,66.7,SUSPECT,SUSPECT
BraTS-GLI-00425-000,8,8,12,66.7,66.7,SUSPECT,SUSPECT
BraTS-GLI-00715-001,8,11,12,66.7,91.7,SUSPECT,SUSPECT
BraTS-GLI-00714-000,8,9,12,66.7,75.0,SUSPECT,SUSPECT
BraTS-GLI-00777-001,8,10,12,66.7,83.3,SUSPECT,SUSPECT
BraTS-GLI-01359-000,8,8,12,66.7,66.7,SUSPECT,SUSPECT
BraTS-GLI-00575-000,8,9,12,66.7,75.0,SUSPECT,SUSPECT
BraTS-GLI-01357-000,8,8,12,66.7,66.7,SUSPECT,SUSPECT
BraTS-GLI-01370-000,8,9,12,66.7,75.0,SUSPECT,SUSPECT
BraTS-GLI-00577-000,8,10,12,66.7,83.3,SUSPECT,SUSPECT
BraTS-GLI-01369-000,8,9,12,66.7,75.0,SUSPECT,SUSPECT
BraTS-GLI-01251-000,8,10,12,66.7,83.3,SUSPECT,SUSPECT
BraTS-GLI-00586-000,8,8,12,66.7,66.7,SUSPECT,SUSPECT
BraTS-GLI-00588-000,8,9,12,66.7,75.0,SUSPECT,SUSPECT
BraTS-GLI-00656-000,8,10,12,66.7,83.3,SUSPECT,SUSPECT
BraTS-GLI-00639-000,8,10,12,66.7,83.3,SUSPECT,SUSPECT
BraTS-GLI-00590-000,8,10,12,66.7,83.3,SUSPECT,SUSPECT
BraTS-GLI-00636-001,8,9,12,66.7,75.0,SUSPECT,SUSPECT
BraTS-GLI-01367-000,8,12,12,66.7,100.0,SUSPECT,SUSPECT
BraTS-GLI-00597-000,8,8,12,66.7,66.7,SUSPECT,SUSPECT
BraTS-GLI-00630-000,8,10,12,66.7,83.3,SUSPECT,SUSPECT
BraTS-GLI-01361-000,8,10,12,66.7,83.3,SUSPECT,SUSPECT
BraTS-GLI-00570-000,8,8,12,66.7,66.7,SUSPECT,SUSPECT
BraTS-GLI-01356-000,8,8,12,66.7,66.7,SUSPECT,SUSPECT
BraTS-GLI-00708-000,8,8,12,66.7,66.7,SUSPECT,SUSPECT
BraTS-GLI-00688-000,8,10,12,66.7,83.3,SUSPECT,SUSPECT
BraTS-GLI-01397-000,8,12,12,66.7,100.0,SUSPECT,SUSPECT
BraTS-GLI-00514-000,8,10,12,66.7,83.3,SUSPECT,SUSPECT
BraTS-GLI-00518-001,8,8,12,66.7,66.7,SUSPECT,SUSPECT
BraTS-GLI-00525-001,8,8,12,66.7,66.7,SUSPECT,SUSPECT
BraTS-GLI-00690-000,8,10,12,66.7,83.3,SUSPECT,SUSPECT
BraTS-GLI-00532-000,8,8,12,66.7,66.7,SUSPECT,SUSPECT
BraTS-GLI-00689-000,8,10,12,66.7,83.3,SUSPECT,SUSPECT
BraTS-GLI-00537-000,8,10,12,66.7,83.3,SUSPECT,SUSPECT
BraTS-GLI-01375-000,8,8,12,66.7,66.7,SUSPECT,SUSPECT
BraTS-GLI-00547-001,8,10,12,66.7,83.3,SUSPECT,SUSPECT
BraTS-GLI-01384-000,8,11,12,66.7,91.7,SUSPECT,SUSPECT
BraTS-GLI-00551-000,8,10,12,66.7,83.3,SUSPECT,SUSPECT
BraTS-GLI-01381-000,8,8,12,66.7,66.7,SUSPECT,SUSPECT
BraTS-GLI-01380-000,8,8,12,66.7,66.7,SUSPECT,SUSPECT
BraTS-GLI-00555-001,8,8,12,66.7,66.7,SUSPECT,SUSPECT
BraTS-GLI-01355-000,8,8,12,66.7,66.7,SUSPECT,SUSPECT
BraTS-GLI-00390-000,8,8,12,66.7,66.7,SUSPECT,SUSPECT
BraTS-GLI-00751-001,8,10,12,66.7,83.3,SUSPECT,SUSPECT
BraTS-GLI-00311-000,8,10,12,66.7,83.3,SUSPECT,SUSPECT
BraTS-GLI-00301-000,8,8,12,66.7,66.7,SUSPECT,SUSPECT
BraTS-GLI-01029-000,8,9,12,66.7,75.0,SUSPECT,SUSPECT
BraTS-GLI-01318-000,8,11,12,66.7,91.7,SUSPECT,SUSPECT
BraTS-GLI-01027-000,8,11,12,66.7,91.7,SUSPECT,SUSPECT
BraTS-GLI-00293-000,8,9,12,66.7,75.0,SUSPECT,SUSPECT
BraTS-GLI-01021-000,8,8,12,66.7,66.7,SUSPECT,SUSPECT
BraTS-GLI-00300-000,8,8,12,66.7,66.7,SUSPECT,SUSPECT
BraTS-GLI-01018-000,8,9,12,66.7,75.0,SUSPECT,SUSPECT
BraTS-GLI-01015-000,8,8,12,66.7,66.7,SUSPECT,SUSPECT
BraTS-GLI-00283-000,8,10,12,66.7,83.3,SUSPECT,SUSPECT
BraTS-GLI-01012-000,8,11,12,66.7,91.7,SUSPECT,SUSPECT
BraTS-GLI-01010-000,8,8,12,66.7,66.7,SUSPECT,SUSPECT
BraTS-GLI-01009-000,8,9,12,66.7,75.0,SUSPECT,SUSPECT
BraTS-GLI-01008-000,8,12,12,66.7,100.0,SUSPECT,SUSPECT
BraTS-GLI-01005-000,8,11,12,66.7,91.7,SUSPECT,SUSPECT
BraTS-GLI-01004-000,8,10,12,66.7,83.3,SUSPECT,SUSPECT
BraTS-GLI-01003-000,8,11,12,66.7,91.7,SUSPECT,SUSPECT
BraTS-GLI-00284-000,8,9,12,66.7,75.0,SUSPECT,SUSPECT
BraTS-GLI-00281-000,8,11,12,66.7,91.7,SUSPECT,SUSPECT
BraTS-GLI-01001-000,8,10,12,66.7,83.3,SUSPECT,SUSPECT
BraTS-GLI-01311-000,8,9,12,66.7,75.0,SUSPECT,SUSPECT
BraTS-GLI-01056-000,8,8,12,66.7,66.7,SUSPECT,SUSPECT
BraTS-GLI-01055-000,8,8,12,66.7,66.7,SUSPECT,SUSPECT
BraTS-GLI-01052-000,8,10,12,66.7,83.3,SUSPECT,SUSPECT
BraTS-GLI-01448-000,8,8,12,66.7,66.7,SUSPECT,SUSPECT
BraTS-GLI-01049-000,8,10,12,66.7,83.3,SUSPECT,SUSPECT
BraTS-GLI-01048-000,8,8,12,66.7,66.7,SUSPECT,SUSPECT
BraTS-GLI-00263-000,8,8,12,66.7,66.7,SUSPECT,SUSPECT
BraTS-GLI-01044-000,8,10,12,66.7,83.3,SUSPECT,SUSPECT
BraTS-GLI-01444-000,8,8,12,66.7,66.7,SUSPECT,SUSPECT
BraTS-GLI-00267-000,8,10,12,66.7,83.3,SUSPECT,SUSPECT
BraTS-GLI-01042-000,8,12,12,66.7,100.0,SUSPECT,SUSPECT
BraTS-GLI-01312-000,8,10,12,66.7,83.3,SUSPECT,SUSPECT
BraTS-GLI-01446-000,8,11,12,66.7,91.7,SUSPECT,SUSPECT
BraTS-GLI-00273-000,8,9,12,66.7,75.0,SUSPECT,SUSPECT
BraTS-GLI-00274-000,8,10,12,66.7,83.3,SUSPECT,SUSPECT
BraTS-GLI-01036-000,8,12,12,66.7,100.0,SUSPECT,SUSPECT
BraTS-GLI-00313-000,8,8,12,66.7,66.7,SUSPECT,SUSPECT
BraTS-GLI-01250-000,8,8,12,66.7,66.7,SUSPECT,SUSPECT
BraTS-GLI-00376-000,8,9,12,66.7,75.0,SUSPECT,SUSPECT
BraTS-GLI-00373-000,8,10,12,66.7,83.3,SUSPECT,SUSPECT
BraTS-GLI-01431-000,8,10,12,66.7,83.3,SUSPECT,SUSPECT
BraTS-GLI-00341-000,8,10,12,66.7,83.3,SUSPECT,SUSPECT
BraTS-GLI-00340-000,8,8,12,66.7,66.7,SUSPECT,SUSPECT
BraTS-GLI-00820-000,8,10,12,66.7,83.3,SUSPECT,SUSPECT
BraTS-GLI-00338-000,8,8,12,66.7,66.7,SUSPECT,SUSPECT
BraTS-GLI-01330-000,8,10,12,66.7,83.3,SUSPECT,SUSPECT
BraTS-GLI-00796-000,8,10,12,66.7,83.3,SUSPECT,SUSPECT
BraTS-GLI-00347-000,8,10,12,66.7,83.3,SUSPECT,SUSPECT
BraTS-GLI-00828-000,8,9,12,66.7,75.0,SUSPECT,SUSPECT
BraTS-GLI-00793-000,8,8,12,66.7,66.7,SUSPECT,SUSPECT
BraTS-GLI-00329-000,8,8,12,66.7,66.7,SUSPECT,SUSPECT
BraTS-GLI-00791-000,8,10,12,66.7,83.3,SUSPECT,SUSPECT
BraTS-GLI-00788-000,8,8,12,66.7,66.7,SUSPECT,SUSPECT
BraTS-GLI-00784-000,8,8,12,66.7,66.7,SUSPECT,SUSPECT
BraTS-GLI-00352-000,8,8,12,66.7,66.7,SUSPECT,SUSPECT
BraTS-GLI-01325-000,8,8,12,66.7,66.7,SUSPECT,SUSPECT
BraTS-GLI-00386-000,8,10,12,66.7,83.3,SUSPECT,SUSPECT
BraTS-GLI-01329-000,8,10,12,66.7,83.3,SUSPECT,SUSPECT
BraTS-GLI-00324-000,8,12,12,66.7,100.0,SUSPECT,SUSPECT
BraTS-GLI-00840-000,8,9,12,66.7,75.0,SUSPECT,SUSPECT
BraTS-GLI-00809-000,8,9,12,66.7,75.0,SUSPECT,SUSPECT
BraTS-GLI-00316-000,8,9,12,66.7,75.0,SUSPECT,SUSPECT
BraTS-GLI-00344-000,8,10,12,66.7,83.3,SUSPECT,SUSPECT
BraTS-GLI-01000-000,8,10,12,66.7,83.3,SUSPECT,SUSPECT
BraTS-GLI-00370-000,8,10,12,66.7,83.3,SUSPECT,SUSPECT
BraTS-GLI-01374-000,7,8,12,58.3,66.7,SUSPECT,SUSPECT
BraTS-GLI-01376-000,7,8,12,58.3,66.7,SUSPECT,SUSPECT
BraTS-GLI-01489-000,7,7,12,58.3,58.3,SUSPECT,SUSPECT
BraTS-GLI-01507-000,7,7,12,58.3,58.3,SUSPECT,SUSPECT
BraTS-GLI-01331-000,7,10,12,58.3,83.3,SUSPECT,SUSPECT
BraTS-GLI-01358-000,7,9,12,58.3,75.0,SUSPECT,SUSPECT
BraTS-GLI-01484-000,7,7,12,58.3,58.3,SUSPECT,SUSPECT
BraTS-GLI-01657-000,7,8,12,58.3,66.7,SUSPECT,SUSPECT
BraTS-GLI-01309-000,7,7,12,58.3,58.3,SUSPECT,SUSPECT
BraTS-GLI-01449-000,7,7,12,58.3,58.3,SUSPECT,SUSPECT
BraTS-GLI-01335-000,7,10,12,58.3,83.3,SUSPECT,SUSPECT
BraTS-GLI-01364-000,7,9,12,58.3,75.0,SUSPECT,SUSPECT
BraTS-GLI-01363-000,7,9,12,58.3,75.0,SUSPECT,SUSPECT
BraTS-GLI-01287-000,7,8,12,58.3,66.7,SUSPECT,SUSPECT
BraTS-GLI-01377-000,7,8,12,58.3,66.7,SUSPECT,SUSPECT
BraTS-GLI-01301-000,7,10,12,58.3,83.3,SUSPECT,SUSPECT
BraTS-GLI-01378-000,7,9,12,58.3,75.0,SUSPECT,SUSPECT
BraTS-GLI-01390-000,7,7,12,58.3,58.3,SUSPECT,SUSPECT
BraTS-GLI-01346-000,7,7,12,58.3,58.3,SUSPECT,SUSPECT
BraTS-GLI-01275-000,7,7,12,58.3,58.3,SUSPECT,SUSPECT
BraTS-GLI-01509-000,7,8,12,58.3,66.7,SUSPECT,SUSPECT
BraTS-GLI-01403-000,7,9,12,58.3,75.0,SUSPECT,SUSPECT
BraTS-GLI-01473-000,7,7,12,58.3,58.3,SUSPECT,SUSPECT
BraTS-GLI-01500-000,7,7,12,58.3,58.3,SUSPECT,SUSPECT
BraTS-GLI-01399-000,7,10,12,58.3,83.3,SUSPECT,SUSPECT
BraTS-GLI-01398-000,7,10,12,58.3,83.3,SUSPECT,SUSPECT
BraTS-GLI-01515-000,7,8,12,58.3,66.7,SUSPECT,SUSPECT
BraTS-GLI-01334-000,7,12,12,58.3,100.0,SUSPECT,SUSPECT
BraTS-GLI-01393-000,7,7,12,58.3,58.3,SUSPECT,SUSPECT
BraTS-GLI-01324-000,7,10,12,58.3,83.3,SUSPECT,SUSPECT
BraTS-GLI-01352-000,7,8,12,58.3,66.7,SUSPECT,SUSPECT
BraTS-GLI-01262-000,7,12,12,58.3,100.0,SUSPECT,SUSPECT
BraTS-GLI-01277-000,7,10,12,58.3,83.3,SUSPECT,SUSPECT
BraTS-GLI-01388-000,7,7,12,58.3,58.3,SUSPECT,SUSPECT
BraTS-GLI-01386-000,7,11,12,58.3,91.7,SUSPECT,SUSPECT
BraTS-GLI-01268-000,7,10,12,58.3,83.3,SUSPECT,SUSPECT
BraTS-GLI-01385-000,7,9,12,58.3,75.0,SUSPECT,SUSPECT
BraTS-GLI-01266-000,7,7,12,58.3,58.3,SUSPECT,SUSPECT
BraTS-GLI-01433-000,7,9,12,58.3,75.0,SUSPECT,SUSPECT
BraTS-GLI-01319-000,7,7,12,58.3,58.3,SUSPECT,SUSPECT
BraTS-GLI-01265-000,7,11,12,58.3,91.7,SUSPECT,SUSPECT
BraTS-GLI-01508-000,7,9,12,58.3,75.0,SUSPECT,SUSPECT
BraTS-GLI-01354-000,7,9,12,58.3,75.0,SUSPECT,SUSPECT
BraTS-GLI-01432-000,7,7,12,58.3,58.3,SUSPECT,SUSPECT
BraTS-GLI-01480-000,7,12,12,58.3,100.0,SUSPECT,SUSPECT
BraTS-GLI-01666-000,7,9,12,58.3,75.0,SUSPECT,SUSPECT
BraTS-GLI-01249-000,7,8,12,58.3,66.7,SUSPECT,SUSPECT
BraTS-GLI-00455-000,7,7,12,58.3,58.3,SUSPECT,SUSPECT
BraTS-GLI-00436-000,7,9,12,58.3,75.0,SUSPECT,SUSPECT
BraTS-GLI-00432-000,7,9,12,58.3,75.0,SUSPECT,SUSPECT
BraTS-GLI-00418-000,7,7,12,58.3,58.3,SUSPECT,SUSPECT
BraTS-GLI-00417-000,7,10,12,58.3,83.3,SUSPECT,SUSPECT
BraTS-GLI-00413-000,7,10,12,58.3,83.3,SUSPECT,SUSPECT
BraTS-GLI-00410-000,7,12,12,58.3,100.0,SUSPECT,SUSPECT
BraTS-GLI-00407-000,7,8,12,58.3,66.7,SUSPECT,SUSPECT
BraTS-GLI-00403-000,7,9,12,58.3,75.0,SUSPECT,SUSPECT
BraTS-GLI-00402-000,7,8,12,58.3,66.7,SUSPECT,SUSPECT
BraTS-GLI-00397-000,7,7,12,58.3,58.3,SUSPECT,SUSPECT
BraTS-GLI-00387-000,7,7,12,58.3,58.3,SUSPECT,SUSPECT
BraTS-GLI-00382-000,7,9,12,58.3,75.0,SUSPECT,SUSPECT
BraTS-GLI-00378-000,7,9,12,58.3,75.0,SUSPECT,SUSPECT
BraTS-GLI-00369-000,7,8,12,58.3,66.7,SUSPECT,SUSPECT
BraTS-GLI-00360-000,7,10,12,58.3,83.3,SUSPECT,SUSPECT
BraTS-GLI-00359-000,7,10,12,58.3,83.3,SUSPECT,SUSPECT
BraTS-GLI-00346-000,7,8,12,58.3,66.7,SUSPECT,SUSPECT
BraTS-GLI-00343-000,7,10,12,58.3,83.3,SUSPECT,SUSPECT
BraTS-GLI-00328-000,7,9,12,58.3,75.0,SUSPECT,SUSPECT
BraTS-GLI-00322-000,7,9,12,58.3,75.0,SUSPECT,SUSPECT
BraTS-GLI-00318-000,7,7,12,58.3,58.3,SUSPECT,SUSPECT
BraTS-GLI-00314-000,7,7,12,58.3,58.3,SUSPECT,SUSPECT
BraTS-GLI-00310-000,7,7,12,58.3,58.3,SUSPECT,SUSPECT
BraTS-GLI-00440-000,7,8,12,58.3,66.7,SUSPECT,SUSPECT
BraTS-GLI-00464-001,7,7,12,58.3,58.3,SUSPECT,SUSPECT
BraTS-GLI-00298-000,7,9,12,58.3,75.0,SUSPECT,SUSPECT
BraTS-GLI-00469-000,7,8,12,58.3,66.7,SUSPECT,SUSPECT
BraTS-GLI-00608-000,7,8,12,58.3,66.7,SUSPECT,SUSPECT
BraTS-GLI-00607-000,7,7,12,58.3,58.3,SUSPECT,SUSPECT
BraTS-GLI-00602-001,7,12,12,58.3,100.0,SUSPECT,SUSPECT
BraTS-GLI-00593-000,7,9,12,58.3,75.0,SUSPECT,SUSPECT
BraTS-GLI-00589-000,7,8,12,58.3,66.7,SUSPECT,SUSPECT
BraTS-GLI-00576-000,7,10,12,58.3,83.3,SUSPECT,SUSPECT
BraTS-GLI-00571-000,7,9,12,58.3,75.0,SUSPECT,SUSPECT
BraTS-GLI-00569-000,7,7,12,58.3,58.3,SUSPECT,SUSPECT
BraTS-GLI-00567-000,7,8,12,58.3,66.7,SUSPECT,SUSPECT
BraTS-GLI-00557-000,7,7,12,58.3,58.3,SUSPECT,SUSPECT
BraTS-GLI-00555-000,7,7,12,58.3,58.3,SUSPECT,SUSPECT
BraTS-GLI-00554-000,7,7,12,58.3,58.3,SUSPECT,SUSPECT
BraTS-GLI-00552-000,7,9,12,58.3,75.0,SUSPECT,SUSPECT
BraTS-GLI-00538-000,7,9,12,58.3,75.0,SUSPECT,SUSPECT
BraTS-GLI-00528-000,7,7,12,58.3,58.3,SUSPECT,SUSPECT
BraTS-GLI-00525-000,7,7,12,58.3,58.3,SUSPECT,SUSPECT
BraTS-GLI-00517-000,7,8,12,58.3,66.7,SUSPECT,SUSPECT
BraTS-GLI-00516-000,7,8,12,58.3,66.7,SUSPECT,SUSPECT
BraTS-GLI-00511-001,7,7,12,58.3,58.3,SUSPECT,SUSPECT
BraTS-GLI-00510-001,7,7,12,58.3,58.3,SUSPECT,SUSPECT
BraTS-GLI-00507-000,7,9,12,58.3,75.0,SUSPECT,SUSPECT
BraTS-GLI-01244-000,7,9,12,58.3,75.0,SUSPECT,SUSPECT
BraTS-GLI-00481-001,7,7,12,58.3,58.3,SUSPECT,SUSPECT
BraTS-GLI-00305-000,7,10,12,58.3,83.3,SUSPECT,SUSPECT
BraTS-GLI-00296-000,7,9,12,58.3,75.0,SUSPECT,SUSPECT
BraTS-GLI-00611-001,7,7,12,58.3,58.3,SUSPECT,SUSPECT
BraTS-GLI-00127-000,7,11,12,58.3,91.7,SUSPECT,SUSPECT
BraTS-GLI-00103-000,7,7,12,58.3,58.3,SUSPECT,SUSPECT
BraTS-GLI-00099-001,7,7,12,58.3,58.3,SUSPECT,SUSPECT
BraTS-GLI-00097-001,7,7,12,58.3,58.3,SUSPECT,SUSPECT
BraTS-GLI-00084-001,7,12,12,58.3,100.0,SUSPECT,SUSPECT
BraTS-GLI-00078-000,7,7,12,58.3,58.3,SUSPECT,SUSPECT
BraTS-GLI-00072-001,7,7,12,58.3,58.3,SUSPECT,SUSPECT
BraTS-GLI-00071-000,7,8,12,58.3,66.7,SUSPECT,SUSPECT
BraTS-GLI-00066-000,7,7,12,58.3,58.3,SUSPECT,SUSPECT
BraTS-GLI-00064-000,7,8,12,58.3,66.7,SUSPECT,SUSPECT
BraTS-GLI-00059-001,7,9,12,58.3,75.0,SUSPECT,SUSPECT
BraTS-GLI-00056-000,7,8,12,58.3,66.7,SUSPECT,SUSPECT
BraTS-GLI-00053-001,7,10,12,58.3,83.3,SUSPECT,SUSPECT
BraTS-GLI-00049-000,7,7,12,58.3,58.3,SUSPECT,SUSPECT
BraTS-GLI-00045-001,7,7,12,58.3,58.3,SUSPECT,SUSPECT
BraTS-GLI-00044-000,7,11,12,58.3,91.7,SUSPECT,SUSPECT
BraTS-GLI-00036-001,7,7,12,58.3,58.3,SUSPECT,SUSPECT
BraTS-GLI-00033-000,7,9,12,58.3,75.0,SUSPECT,SUSPECT
BraTS-GLI-00024-001,7,8,12,58.3,66.7,SUSPECT,SUSPECT
BraTS-GLI-00022-001,7,9,12,58.3,75.0,SUSPECT,SUSPECT
BraTS-GLI-00017-000,7,11,12,58.3,91.7,SUSPECT,SUSPECT
BraTS-GLI-00008-001,7,7,12,58.3,58.3,SUSPECT,SUSPECT
BraTS-GLI-00005-000,7,8,12,58.3,66.7,SUSPECT,SUSPECT
BraTS-GLI-00003-000,7,8,12,58.3,66.7,SUSPECT,SUSPECT
BraTS-GLI-00109-000,7,9,12,58.3,75.0,SUSPECT,SUSPECT
BraTS-GLI-00133-000,7,11,12,58.3,91.7,SUSPECT,SUSPECT
BraTS-GLI-00280-000,7,7,12,58.3,58.3,SUSPECT,SUSPECT
BraTS-GLI-00136-000,7,8,12,58.3,66.7,SUSPECT,SUSPECT
BraTS-GLI-00275-000,7,9,12,58.3,75.0,SUSPECT,SUSPECT
BraTS-GLI-00269-000,7,10,12,58.3,83.3,SUSPECT,SUSPECT
BraTS-GLI-00260-000,7,8,12,58.3,66.7,SUSPECT,SUSPECT
BraTS-GLI-00254-000,7,8,12,58.3,66.7,SUSPECT,SUSPECT
BraTS-GLI-00251-000,7,9,12,58.3,75.0,SUSPECT,SUSPECT
BraTS-GLI-00249-000,7,8,12,58.3,66.7,SUSPECT,SUSPECT
BraTS-GLI-00247-000,7,8,12,58.3,66.7,SUSPECT,SUSPECT
BraTS-GLI-00246-000,7,7,12,58.3,58.3,SUSPECT,SUSPECT
BraTS-GLI-00241-000,7,7,12,58.3,58.3,SUSPECT,SUSPECT
BraTS-GLI-00231-000,7,8,12,58.3,66.7,SUSPECT,SUSPECT
BraTS-GLI-00220-000,7,8,12,58.3,66.7,SUSPECT,SUSPECT
BraTS-GLI-00218-000,7,7,12,58.3,58.3,SUSPECT,SUSPECT
BraTS-GLI-00212-000,7,7,12,58.3,58.3,SUSPECT,SUSPECT
BraTS-GLI-00203-000,7,9,12,58.3,75.0,SUSPECT,SUSPECT
BraTS-GLI-00201-000,7,10,12,58.3,83.3,SUSPECT,SUSPECT
BraTS-GLI-00193-000,7,7,12,58.3,58.3,SUSPECT,SUSPECT
BraTS-GLI-00191-000,7,10,12,58.3,83.3,SUSPECT,SUSPECT
BraTS-GLI-00186-000,7,8,12,58.3,66.7,SUSPECT,SUSPECT
BraTS-GLI-00185-000,7,7,12,58.3,58.3,SUSPECT,SUSPECT
BraTS-GLI-00183-000,7,8,12,58.3,66.7,SUSPECT,SUSPECT
BraTS-GLI-00171-000,7,9,12,58.3,75.0,SUSPECT,SUSPECT
BraTS-GLI-00167-000,7,10,12,58.3,83.3,SUSPECT,SUSPECT
BraTS-GLI-00146-000,7,7,12,58.3,58.3,SUSPECT,SUSPECT
BraTS-GLI-00608-001,7,10,12,58.3,83.3,SUSPECT,SUSPECT
BraTS-GLI-00500-001,7,9,12,58.3,75.0,SUSPECT,SUSPECT
BraTS-GLI-01105-000,7,7,12,58.3,58.3,SUSPECT,SUSPECT
BraTS-GLI-01034-000,7,7,12,58.3,58.3,SUSPECT,SUSPECT
BraTS-GLI-01027-001,7,9,12,58.3,75.0,SUSPECT,SUSPECT
BraTS-GLI-01025-000,7,10,12,58.3,83.3,SUSPECT,SUSPECT
BraTS-GLI-01163-000,7,7,12,58.3,58.3,SUSPECT,SUSPECT
BraTS-GLI-01168-000,7,8,12,58.3,66.7,SUSPECT,SUSPECT
BraTS-GLI-01169-000,7,11,12,58.3,91.7,SUSPECT,SUSPECT
BraTS-GLI-01182-000,7,7,12,58.3,58.3,SUSPECT,SUSPECT
BraTS-GLI-01016-000,7,7,12,58.3,58.3,SUSPECT,SUSPECT
BraTS-GLI-00837-000,7,12,12,58.3,100.0,SUSPECT,SUSPECT
BraTS-GLI-00834-000,7,7,12,58.3,58.3,SUSPECT,SUSPECT
BraTS-GLI-00831-000,7,9,12,58.3,75.0,SUSPECT,SUSPECT
BraTS-GLI-00823-000,7,8,12,58.3,66.7,SUSPECT,SUSPECT
BraTS-GLI-01190-000,7,10,12,58.3,83.3,SUSPECT,SUSPECT
BraTS-GLI-00795-000,7,8,12,58.3,66.7,SUSPECT,SUSPECT
BraTS-GLI-00774-001,7,9,12,58.3,75.0,SUSPECT,SUSPECT
BraTS-GLI-01193-000,7,7,12,58.3,58.3,SUSPECT,SUSPECT
BraTS-GLI-01160-001,7,11,12,58.3,91.7,SUSPECT,SUSPECT
BraTS-GLI-01037-000,7,9,12,58.3,75.0,SUSPECT,SUSPECT
BraTS-GLI-00768-000,7,9,12,58.3,75.0,SUSPECT,SUSPECT
BraTS-GLI-01039-000,7,10,12,58.3,83.3,SUSPECT,SUSPECT
BraTS-GLI-01114-000,7,9,12,58.3,75.0,SUSPECT,SUSPECT
BraTS-GLI-01107-000,7,8,12,58.3,66.7,SUSPECT,SUSPECT
BraTS-GLI-00646-001,7,7,12,58.3,58.3,SUSPECT,SUSPECT
BraTS-GLI-01099-000,7,7,12,58.3,58.3,SUSPECT,SUSPECT
BraTS-GLI-01115-000,7,8,12,58.3,66.7,SUSPECT,SUSPECT
BraTS-GLI-01090-000,7,7,12,58.3,58.3,SUSPECT,SUSPECT
BraTS-GLI-01089-000,7,7,12,58.3,58.3,SUSPECT,SUSPECT
BraTS-GLI-01125-000,7,8,12,58.3,66.7,SUSPECT,SUSPECT
BraTS-GLI-01065-000,7,9,12,58.3,75.0,SUSPECT,SUSPECT
BraTS-GLI-01138-000,7,10,12,58.3,83.3,SUSPECT,SUSPECT
BraTS-GLI-01053-000,7,8,12,58.3,66.7,SUSPECT,SUSPECT
BraTS-GLI-01051-000,7,8,12,58.3,66.7,SUSPECT,SUSPECT
BraTS-GLI-01156-000,7,7,12,58.3,58.3,SUSPECT,SUSPECT
BraTS-GLI-01045-000,7,9,12,58.3,75.0,SUSPECT,SUSPECT
BraTS-GLI-01041-000,7,7,12,58.3,58.3,SUSPECT,SUSPECT
BraTS-GLI-01197-000,7,10,12,58.3,83.3,SUSPECT,SUSPECT
BraTS-GLI-00787-000,7,7,12,58.3,58.3,SUSPECT,SUSPECT
BraTS-GLI-01110-000,7,9,12,58.3,75.0,SUSPECT,SUSPECT
BraTS-GLI-01232-000,7,10,12,58.3,83.3,SUSPECT,SUSPECT
BraTS-GLI-01221-000,7,7,12,58.3,58.3,SUSPECT,SUSPECT
BraTS-GLI-01219-000,7,8,12,58.3,66.7,SUSPECT,SUSPECT
BraTS-GLI-01217-000,7,9,12,58.3,75.0,SUSPECT,SUSPECT
BraTS-GLI-01215-000,7,7,12,58.3,58.3,SUSPECT,SUSPECT
BraTS-GLI-00703-001,7,8,12,58.3,66.7,SUSPECT,SUSPECT
BraTS-GLI-01214-000,7,8,12,58.3,66.7,SUSPECT,SUSPECT
BraTS-GLI-01211-000,7,11,12,58.3,91.7,SUSPECT,SUSPECT
BraTS-GLI-01210-000,7,10,12,58.3,83.3,SUSPECT,SUSPECT
BraTS-GLI-00727-000,7,8,12,58.3,66.7,SUSPECT,SUSPECT
BraTS-GLI-00657-000,7,9,12,58.3,75.0,SUSPECT,SUSPECT
BraTS-GLI-01233-000,7,10,12,58.3,83.3,SUSPECT,SUSPECT
BraTS-GLI-00652-000,7,10,12,58.3,83.3,SUSPECT,SUSPECT
BraTS-GLI-00668-000,7,9,12,58.3,75.0,SUSPECT,SUSPECT
BraTS-GLI-00758-000,7,8,12,58.3,66.7,SUSPECT,SUSPECT
BraTS-GLI-01128-000,6,8,12,50.0,66.7,SUSPECT,SUSPECT
BraTS-GLI-01530-000,6,9,12,50.0,75.0,SUSPECT,SUSPECT
BraTS-GLI-01226-000,6,6,12,50.0,50.0,SUSPECT,SUSPECT
BraTS-GLI-01532-000,6,9,12,50.0,75.0,SUSPECT,SUSPECT
BraTS-GLI-00155-000,6,8,12,50.0,66.7,SUSPECT,SUSPECT
BraTS-GLI-00021-001,6,11,12,50.0,91.7,SUSPECT,SUSPECT
BraTS-GLI-01147-000,6,6,12,50.0,50.0,SUSPECT,SUSPECT
BraTS-GLI-00009-001,6,9,12,50.0,75.0,SUSPECT,SUSPECT
BraTS-GLI-00016-001,6,7,12,50.0,58.3,SUSPECT,SUSPECT
BraTS-GLI-00011-000,6,6,12,50.0,50.0,SUSPECT,SUSPECT
BraTS-GLI-00177-000,6,10,12,50.0,83.3,SUSPECT,SUSPECT
BraTS-GLI-01143-000,6,8,12,50.0,66.7,SUSPECT,SUSPECT
BraTS-GLI-00030-000,6,9,12,50.0,75.0,SUSPECT,SUSPECT
BraTS-GLI-01610-000,6,7,12,50.0,58.3,SUSPECT,SUSPECT
BraTS-GLI-01286-000,6,8,12,50.0,66.7,SUSPECT,SUSPECT
BraTS-GLI-01137-000,6,9,12,50.0,75.0,SUSPECT,SUSPECT
BraTS-GLI-01129-000,6,8,12,50.0,66.7,SUSPECT,SUSPECT
BraTS-GLI-00021-000,6,6,12,50.0,50.0,SUSPECT,SUSPECT
BraTS-GLI-01205-000,6,9,12,50.0,75.0,SUSPECT,SUSPECT
BraTS-GLI-00032-000,6,6,12,50.0,50.0,SUSPECT,SUSPECT
BraTS-GLI-01491-000,6,8,12,50.0,66.7,SUSPECT,SUSPECT
BraTS-GLI-00062-000,6,8,12,50.0,66.7,SUSPECT,SUSPECT
BraTS-GLI-00074-000,6,7,12,50.0,58.3,SUSPECT,SUSPECT
BraTS-GLI-00061-001,6,9,12,50.0,75.0,SUSPECT,SUSPECT
BraTS-GLI-00081-000,6,9,12,50.0,75.0,SUSPECT,SUSPECT
BraTS-GLI-01498-000,6,11,12,50.0,91.7,SUSPECT,SUSPECT
BraTS-GLI-01273-000,6,12,12,50.0,100.0,SUSPECT,SUSPECT
BraTS-GLI-00087-000,6,7,12,50.0,58.3,SUSPECT,SUSPECT
BraTS-GLI-01493-000,6,7,12,50.0,58.3,SUSPECT,SUSPECT
BraTS-GLI-00234-000,6,7,12,50.0,58.3,SUSPECT,SUSPECT
BraTS-GLI-00090-000,6,6,12,50.0,50.0,SUSPECT,SUSPECT
BraTS-GLI-00097-000,6,6,12,50.0,50.0,SUSPECT,SUSPECT
BraTS-GLI-01280-000,6,10,12,50.0,83.3,SUSPECT,SUSPECT
BraTS-GLI-00059-000,6,6,12,50.0,50.0,SUSPECT,SUSPECT
BraTS-GLI-00098-001,6,6,12,50.0,50.0,SUSPECT,SUSPECT
BraTS-GLI-01511-000,6,9,12,50.0,75.0,SUSPECT,SUSPECT
BraTS-GLI-00058-000,6,6,12,50.0,50.0,SUSPECT,SUSPECT
BraTS-GLI-01517-000,6,9,12,50.0,75.0,SUSPECT,SUSPECT
BraTS-GLI-00112-000,6,7,12,50.0,58.3,SUSPECT,SUSPECT
BraTS-GLI-00043-000,6,11,12,50.0,91.7,SUSPECT,SUSPECT
BraTS-GLI-00035-000,6,9,12,50.0,75.0,SUSPECT,SUSPECT
BraTS-GLI-01203-000,6,8,12,50.0,66.7,SUSPECT,SUSPECT
BraTS-GLI-01224-000,6,6,12,50.0,50.0,SUSPECT,SUSPECT
BraTS-GLI-01481-000,6,6,12,50.0,50.0,SUSPECT,SUSPECT
BraTS-GLI-00641-001,6,7,12,50.0,58.3,SUSPECT,SUSPECT
BraTS-GLI-00506-000,6,10,12,50.0,83.3,SUSPECT,SUSPECT
BraTS-GLI-00725-001,6,9,12,50.0,75.0,SUSPECT,SUSPECT
BraTS-GLI-00389-000,6,10,12,50.0,83.3,SUSPECT,SUSPECT
BraTS-GLI-00753-000,6,6,12,50.0,50.0,SUSPECT,SUSPECT
BraTS-GLI-01321-000,6,8,12,50.0,66.7,SUSPECT,SUSPECT
BraTS-GLI-00401-000,6,10,12,50.0,83.3,SUSPECT,SUSPECT
BraTS-GLI-01017-000,6,11,12,50.0,91.7,SUSPECT,SUSPECT
BraTS-GLI-01323-000,6,6,12,50.0,50.0,SUSPECT,SUSPECT
BraTS-GLI-00806-000,6,9,12,50.0,75.0,SUSPECT,SUSPECT
BraTS-GLI-00775-001,6,9,12,50.0,75.0,SUSPECT,SUSPECT
BraTS-GLI-01030-000,6,7,12,50.0,58.3,SUSPECT,SUSPECT
BraTS-GLI-00477-000,6,8,12,50.0,66.7,SUSPECT,SUSPECT
BraTS-GLI-00544-001,6,6,12,50.0,50.0,SUSPECT,SUSPECT
BraTS-GLI-00480-001,6,6,12,50.0,50.0,SUSPECT,SUSPECT
BraTS-GLI-00483-000,6,6,12,50.0,50.0,SUSPECT,SUSPECT
BraTS-GLI-01344-000,6,7,12,50.0,58.3,SUSPECT,SUSPECT
BraTS-GLI-00772-001,6,6,12,50.0,50.0,SUSPECT,SUSPECT
BraTS-GLI-00239-000,6,8,12,50.0,66.7,SUSPECT,SUSPECT
BraTS-GLI-01317-000,6,9,12,50.0,75.0,SUSPECT,SUSPECT
BraTS-GLI-00559-000,6,7,12,50.0,58.3,SUSPECT,SUSPECT
BraTS-GLI-00686-000,6,7,12,50.0,58.3,SUSPECT,SUSPECT
BraTS-GLI-00691-001,6,7,12,50.0,58.3,SUSPECT,SUSPECT
BraTS-GLI-01092-000,6,10,12,50.0,83.3,SUSPECT,SUSPECT
BraTS-GLI-01365-000,6,8,12,50.0,66.7,SUSPECT,SUSPECT
BraTS-GLI-00262-000,6,9,12,50.0,75.0,SUSPECT,SUSPECT
BraTS-GLI-01077-000,6,9,12,50.0,75.0,SUSPECT,SUSPECT
BraTS-GLI-00271-000,6,10,12,50.0,83.3,SUSPECT,SUSPECT
BraTS-GLI-01072-000,6,8,12,50.0,66.7,SUSPECT,SUSPECT
BraTS-GLI-00002-000,6,6,12,50.0,50.0,SUSPECT,SUSPECT
BraTS-GLI-01373-000,6,8,12,50.0,66.7,SUSPECT,SUSPECT
BraTS-GLI-01308-000,6,8,12,50.0,66.7,SUSPECT,SUSPECT
BraTS-GLI-00052-000,5,7,12,41.7,58.3,SUSPECT,SUSPECT
BraTS-GLI-00730-001,5,5,12,41.7,41.7,SUSPECT,SUSPECT
BraTS-GLI-00730-000,5,5,12,41.7,41.7,SUSPECT,SUSPECT
BraTS-GLI-01238-000,5,7,12,41.7,58.3,SUSPECT,SUSPECT
BraTS-GLI-00530-000,5,7,12,41.7,58.3,SUSPECT,SUSPECT
BraTS-GLI-00704-000,5,5,12,41.7,41.7,SUSPECT,SUSPECT
BraTS-GLI-01362-000,5,8,12,41.7,66.7,SUSPECT,SUSPECT
BraTS-GLI-01230-000,5,5,12,41.7,41.7,SUSPECT,SUSPECT
BraTS-GLI-00026-000,5,6,12,41.7,50.0,SUSPECT,SUSPECT
BraTS-GLI-00582-000,5,5,12,41.7,41.7,SUSPECT,SUSPECT
BraTS-GLI-00051-000,5,5,12,41.7,41.7,SUSPECT,SUSPECT
BraTS-GLI-00540-001,5,7,12,41.7,58.3,SUSPECT,SUSPECT
BraTS-GLI-01351-000,5,7,12,41.7,58.3,SUSPECT,SUSPECT
BraTS-GLI-00024-000,5,6,12,41.7,50.0,SUSPECT,SUSPECT
BraTS-GLI-00545-001,5,8,12,41.7,66.7,SUSPECT,SUSPECT
BraTS-GLI-00549-001,5,5,12,41.7,41.7,SUSPECT,SUSPECT
BraTS-GLI-00018-000,5,10,12,41.7,83.3,SUSPECT,SUSPECT
BraTS-GLI-00568-000,5,8,12,41.7,66.7,SUSPECT,SUSPECT
BraTS-GLI-00236-000,5,9,12,41.7,75.0,SUSPECT,SUSPECT
BraTS-GLI-00061-000,5,8,12,41.7,66.7,SUSPECT,SUSPECT
BraTS-GLI-00442-000,5,7,12,41.7,58.3,SUSPECT,SUSPECT
BraTS-GLI-00240-000,5,8,12,41.7,66.7,SUSPECT,SUSPECT
BraTS-GLI-01086-000,5,7,12,41.7,58.3,SUSPECT,SUSPECT
BraTS-GLI-01468-000,5,8,12,41.7,66.7,SUSPECT,SUSPECT
BraTS-GLI-01061-000,5,7,12,41.7,58.3,SUSPECT,SUSPECT
BraTS-GLI-01306-000,5,7,12,41.7,58.3,SUSPECT,SUSPECT
BraTS-GLI-00166-000,5,6,12,41.7,50.0,SUSPECT,SUSPECT
BraTS-GLI-00317-000,5,9,12,41.7,75.0,SUSPECT,SUSPECT
BraTS-GLI-01479-000,5,6,12,41.7,50.0,SUSPECT,SUSPECT
BraTS-GLI-00117-000,5,12,12,41.7,100.0,SUSPECT,SUSPECT
BraTS-GLI-00514-001,5,6,12,41.7,50.0,SUSPECT,SUSPECT
BraTS-GLI-00799-000,5,7,12,41.7,58.3,SUSPECT,SUSPECT
BraTS-GLI-00000-000,5,5,12,41.7,41.7,SUSPECT,SUSPECT
BraTS-GLI-00477-001,5,5,12,41.7,41.7,SUSPECT,SUSPECT
BraTS-GLI-00443-000,5,9,12,41.7,75.0,SUSPECT,SUSPECT
BraTS-GLI-00505-000,5,8,12,41.7,66.7,SUSPECT,SUSPECT
BraTS-GLI-00764-000,5,6,12,41.7,50.0,SUSPECT,SUSPECT
BraTS-GLI-00481-000,5,6,12,41.7,50.0,SUSPECT,SUSPECT
BraTS-GLI-00084-000,5,5,12,41.7,41.7,SUSPECT,SUSPECT
BraTS-GLI-00085-000,5,5,12,41.7,41.7,SUSPECT,SUSPECT
BraTS-GLI-01209-000,5,9,12,41.7,75.0,SUSPECT,SUSPECT
BraTS-GLI-01254-000,4,8,12,33.3,66.7,SUSPECT,SUSPECT
BraTS-GLI-00549-000,4,10,12,33.3,83.3,SUSPECT,SUSPECT
BraTS-GLI-01050-000,4,10,12,33.3,83.3,SUSPECT,SUSPECT
BraTS-GLI-00808-000,4,8,12,33.3,66.7,SUSPECT,SUSPECT
BraTS-GLI-01345-000,4,9,12,33.3,75.0,SUSPECT,SUSPECT
BraTS-GLI-01383-000,4,6,12,33.3,50.0,SUSPECT,SUSPECT
BraTS-GLI-01347-000,4,7,12,33.3,58.3,SUSPECT,SUSPECT
BraTS-GLI-00282-000,4,7,12,33.3,58.3,SUSPECT,SUSPECT
BraTS-GLI-00552-001,4,5,12,33.3,41.7,SUSPECT,SUSPECT
BraTS-GLI-00012-000,4,5,12,33.3,41.7,SUSPECT,SUSPECT
BraTS-GLI-00676-001,4,8,12,33.3,66.7,SUSPECT,SUSPECT
BraTS-GLI-01127-000,4,5,12,33.3,41.7,SUSPECT,SUSPECT
BraTS-GLI-01155-000,4,5,12,33.3,41.7,SUSPECT,SUSPECT
BraTS-GLI-00006-000,3,3,12,25.0,25.0,SUSPECT,SUSPECT
BraTS-GLI-01522-000,3,7,12,25.0,58.3,SUSPECT,SUSPECT
BraTS-GLI-00493-000,3,8,12,25.0,66.7,SUSPECT,SUSPECT
BraTS-GLI-01028-000,3,3,12,25.0,25.0,SUSPECT,SUSPECT
BraTS-GLI-00025-000,3,3,12,25.0,25.0,SUSPECT,SUSPECT
